image,angle
/home/heechul/PiCar2016/datasets/dataset23/png/Frame0.png,0
/home/heechul/PiCar2016/datasets/dataset23/png/Frame1.png,0
/home/heechul/PiCar2016/datasets/dataset23/png/Frame2.png,0
/home/heechul/PiCar2016/datasets/dataset23/png/Frame3.png,0
/home/heechul/PiCar2016/datasets/dataset23/png/Frame4.png,0
/home/heechul/PiCar2016/datasets/dataset23/png/Frame5.png,0
/home/heechul/PiCar2016/datasets/dataset23/png/Frame6.png,0
/home/heechul/PiCar2016/datasets/dataset23/png/Frame7.png,0
/home/heechul/PiCar2016/datasets/dataset23/png/Frame8.png,0
/home/heechul/PiCar2016/datasets/dataset23/png/Frame9.png,0
/home/heechul/PiCar2016/datasets/dataset23/png/Frame10.png,0
/home/heechul/PiCar2016/datasets/dataset23/png/Frame11.png,0
/home/heechul/PiCar2016/datasets/dataset23/png/Frame12.png,0
/home/heechul/PiCar2016/datasets/dataset23/png/Frame13.png,0
/home/heechul/PiCar2016/datasets/dataset23/png/Frame14.png,0
/home/heechul/PiCar2016/datasets/dataset23/png/Frame15.png,0
/home/heechul/PiCar2016/datasets/dataset23/png/Frame16.png,0
/home/heechul/PiCar2016/datasets/dataset23/png/Frame17.png,0
/home/heechul/PiCar2016/datasets/dataset23/png/Frame18.png,0
/home/heechul/PiCar2016/datasets/dataset23/png/Frame19.png,0
/home/heechul/PiCar2016/datasets/dataset23/png/Frame20.png,0
/home/heechul/PiCar2016/datasets/dataset23/png/Frame21.png,0
/home/heechul/PiCar2016/datasets/dataset23/png/Frame22.png,0
/home/heechul/PiCar2016/datasets/dataset23/png/Frame23.png,0
/home/heechul/PiCar2016/datasets/dataset23/png/Frame24.png,0
/home/heechul/PiCar2016/datasets/dataset23/png/Frame25.png,0.125
/home/heechul/PiCar2016/datasets/dataset23/png/Frame26.png,0.125
/home/heechul/PiCar2016/datasets/dataset23/png/Frame27.png,0.125
/home/heechul/PiCar2016/datasets/dataset23/png/Frame28.png,0.125
/home/heechul/PiCar2016/datasets/dataset23/png/Frame29.png,0.125
/home/heechul/PiCar2016/datasets/dataset23/png/Frame30.png,0.125
/home/heechul/PiCar2016/datasets/dataset23/png/Frame31.png,0.125
/home/heechul/PiCar2016/datasets/dataset23/png/Frame32.png,0.125
/home/heechul/PiCar2016/datasets/dataset23/png/Frame33.png,0.125
/home/heechul/PiCar2016/datasets/dataset23/png/Frame34.png,0.125
/home/heechul/PiCar2016/datasets/dataset23/png/Frame35.png,0.125
/home/heechul/PiCar2016/datasets/dataset23/png/Frame36.png,0.125
/home/heechul/PiCar2016/datasets/dataset23/png/Frame37.png,0.25
/home/heechul/PiCar2016/datasets/dataset23/png/Frame38.png,0.25
/home/heechul/PiCar2016/datasets/dataset23/png/Frame39.png,0.25
/home/heechul/PiCar2016/datasets/dataset23/png/Frame40.png,0.25
/home/heechul/PiCar2016/datasets/dataset23/png/Frame41.png,0.25
/home/heechul/PiCar2016/datasets/dataset23/png/Frame42.png,0.25
/home/heechul/PiCar2016/datasets/dataset23/png/Frame43.png,0.25
/home/heechul/PiCar2016/datasets/dataset23/png/Frame44.png,0.25
/home/heechul/PiCar2016/datasets/dataset23/png/Frame45.png,0.25
/home/heechul/PiCar2016/datasets/dataset23/png/Frame46.png,0.25
/home/heechul/PiCar2016/datasets/dataset23/png/Frame47.png,0.25
/home/heechul/PiCar2016/datasets/dataset23/png/Frame48.png,0.25
/home/heechul/PiCar2016/datasets/dataset23/png/Frame49.png,0.25
/home/heechul/PiCar2016/datasets/dataset23/png/Frame50.png,0.375
/home/heechul/PiCar2016/datasets/dataset23/png/Frame51.png,0.375
/home/heechul/PiCar2016/datasets/dataset23/png/Frame52.png,0.375
/home/heechul/PiCar2016/datasets/dataset23/png/Frame53.png,0.375
/home/heechul/PiCar2016/datasets/dataset23/png/Frame54.png,0.375
/home/heechul/PiCar2016/datasets/dataset23/png/Frame55.png,0.375
/home/heechul/PiCar2016/datasets/dataset23/png/Frame56.png,0.375
/home/heechul/PiCar2016/datasets/dataset23/png/Frame57.png,0.375
/home/heechul/PiCar2016/datasets/dataset23/png/Frame58.png,0.375
/home/heechul/PiCar2016/datasets/dataset23/png/Frame59.png,0.375
/home/heechul/PiCar2016/datasets/dataset23/png/Frame60.png,0.375
/home/heechul/PiCar2016/datasets/dataset23/png/Frame61.png,0.375
/home/heechul/PiCar2016/datasets/dataset23/png/Frame62.png,0.375
/home/heechul/PiCar2016/datasets/dataset23/png/Frame63.png,0.375
/home/heechul/PiCar2016/datasets/dataset23/png/Frame64.png,0.375
/home/heechul/PiCar2016/datasets/dataset23/png/Frame65.png,0.375
/home/heechul/PiCar2016/datasets/dataset23/png/Frame66.png,0.375
/home/heechul/PiCar2016/datasets/dataset23/png/Frame67.png,0.375
/home/heechul/PiCar2016/datasets/dataset23/png/Frame68.png,0.375
/home/heechul/PiCar2016/datasets/dataset23/png/Frame69.png,0.375
/home/heechul/PiCar2016/datasets/dataset23/png/Frame70.png,0.375
/home/heechul/PiCar2016/datasets/dataset23/png/Frame71.png,0.375
/home/heechul/PiCar2016/datasets/dataset23/png/Frame72.png,0.375
/home/heechul/PiCar2016/datasets/dataset23/png/Frame73.png,0.375
/home/heechul/PiCar2016/datasets/dataset23/png/Frame74.png,0.375
/home/heechul/PiCar2016/datasets/dataset23/png/Frame75.png,0.375
/home/heechul/PiCar2016/datasets/dataset23/png/Frame76.png,0.25
/home/heechul/PiCar2016/datasets/dataset23/png/Frame77.png,0.25
/home/heechul/PiCar2016/datasets/dataset23/png/Frame78.png,0.25
/home/heechul/PiCar2016/datasets/dataset23/png/Frame79.png,0.25
/home/heechul/PiCar2016/datasets/dataset23/png/Frame80.png,0.25
/home/heechul/PiCar2016/datasets/dataset23/png/Frame81.png,0.25
/home/heechul/PiCar2016/datasets/dataset23/png/Frame82.png,0.25
/home/heechul/PiCar2016/datasets/dataset23/png/Frame83.png,0.25
/home/heechul/PiCar2016/datasets/dataset23/png/Frame84.png,0.125
/home/heechul/PiCar2016/datasets/dataset23/png/Frame85.png,0.125
/home/heechul/PiCar2016/datasets/dataset23/png/Frame86.png,0.125
/home/heechul/PiCar2016/datasets/dataset23/png/Frame87.png,0.125
/home/heechul/PiCar2016/datasets/dataset23/png/Frame88.png,0.125
/home/heechul/PiCar2016/datasets/dataset23/png/Frame89.png,0.0
/home/heechul/PiCar2016/datasets/dataset23/png/Frame90.png,0.0
/home/heechul/PiCar2016/datasets/dataset23/png/Frame91.png,0.0
/home/heechul/PiCar2016/datasets/dataset23/png/Frame92.png,0.0
/home/heechul/PiCar2016/datasets/dataset23/png/Frame93.png,0.0
/home/heechul/PiCar2016/datasets/dataset23/png/Frame94.png,-0.125
/home/heechul/PiCar2016/datasets/dataset23/png/Frame95.png,-0.125
/home/heechul/PiCar2016/datasets/dataset23/png/Frame96.png,-0.125
/home/heechul/PiCar2016/datasets/dataset23/png/Frame97.png,-0.125
/home/heechul/PiCar2016/datasets/dataset23/png/Frame98.png,-0.125
/home/heechul/PiCar2016/datasets/dataset23/png/Frame99.png,-0.125
/home/heechul/PiCar2016/datasets/dataset23/png/Frame100.png,-0.25
/home/heechul/PiCar2016/datasets/dataset23/png/Frame101.png,-0.25
/home/heechul/PiCar2016/datasets/dataset23/png/Frame102.png,-0.25
/home/heechul/PiCar2016/datasets/dataset23/png/Frame103.png,-0.25
/home/heechul/PiCar2016/datasets/dataset23/png/Frame104.png,-0.25
/home/heechul/PiCar2016/datasets/dataset23/png/Frame105.png,-0.375
/home/heechul/PiCar2016/datasets/dataset23/png/Frame106.png,-0.375
/home/heechul/PiCar2016/datasets/dataset23/png/Frame107.png,-0.375
/home/heechul/PiCar2016/datasets/dataset23/png/Frame108.png,-0.375
/home/heechul/PiCar2016/datasets/dataset23/png/Frame109.png,-0.375
/home/heechul/PiCar2016/datasets/dataset23/png/Frame110.png,-0.375
/home/heechul/PiCar2016/datasets/dataset23/png/Frame111.png,-0.5
/home/heechul/PiCar2016/datasets/dataset23/png/Frame112.png,-0.5
/home/heechul/PiCar2016/datasets/dataset23/png/Frame113.png,-0.5
/home/heechul/PiCar2016/datasets/dataset23/png/Frame114.png,-0.5
/home/heechul/PiCar2016/datasets/dataset23/png/Frame115.png,-0.5
/home/heechul/PiCar2016/datasets/dataset23/png/Frame116.png,-0.5
/home/heechul/PiCar2016/datasets/dataset23/png/Frame117.png,-0.5
/home/heechul/PiCar2016/datasets/dataset23/png/Frame118.png,-0.5
/home/heechul/PiCar2016/datasets/dataset23/png/Frame119.png,-0.5
/home/heechul/PiCar2016/datasets/dataset23/png/Frame120.png,-0.5
/home/heechul/PiCar2016/datasets/dataset23/png/Frame121.png,-0.625
/home/heechul/PiCar2016/datasets/dataset23/png/Frame122.png,-0.625
/home/heechul/PiCar2016/datasets/dataset23/png/Frame123.png,-0.625
/home/heechul/PiCar2016/datasets/dataset23/png/Frame124.png,-0.625
/home/heechul/PiCar2016/datasets/dataset23/png/Frame125.png,-0.625
/home/heechul/PiCar2016/datasets/dataset23/png/Frame126.png,-0.75
/home/heechul/PiCar2016/datasets/dataset23/png/Frame127.png,-0.75
/home/heechul/PiCar2016/datasets/dataset23/png/Frame128.png,-0.75
/home/heechul/PiCar2016/datasets/dataset23/png/Frame129.png,-0.75
/home/heechul/PiCar2016/datasets/dataset23/png/Frame130.png,-0.75
/home/heechul/PiCar2016/datasets/dataset23/png/Frame131.png,-0.75
/home/heechul/PiCar2016/datasets/dataset23/png/Frame132.png,-0.75
/home/heechul/PiCar2016/datasets/dataset23/png/Frame133.png,-0.75
/home/heechul/PiCar2016/datasets/dataset23/png/Frame134.png,-0.75
/home/heechul/PiCar2016/datasets/dataset23/png/Frame135.png,-0.75
/home/heechul/PiCar2016/datasets/dataset23/png/Frame136.png,-0.75
/home/heechul/PiCar2016/datasets/dataset23/png/Frame137.png,-0.75
/home/heechul/PiCar2016/datasets/dataset23/png/Frame138.png,-0.875
/home/heechul/PiCar2016/datasets/dataset23/png/Frame139.png,-0.875
/home/heechul/PiCar2016/datasets/dataset23/png/Frame140.png,-0.875
/home/heechul/PiCar2016/datasets/dataset23/png/Frame141.png,-0.875
/home/heechul/PiCar2016/datasets/dataset23/png/Frame142.png,-0.875
/home/heechul/PiCar2016/datasets/dataset23/png/Frame143.png,-0.875
/home/heechul/PiCar2016/datasets/dataset23/png/Frame144.png,-0.875
/home/heechul/PiCar2016/datasets/dataset23/png/Frame145.png,-0.875
/home/heechul/PiCar2016/datasets/dataset23/png/Frame146.png,-0.875
/home/heechul/PiCar2016/datasets/dataset23/png/Frame147.png,-0.875
/home/heechul/PiCar2016/datasets/dataset23/png/Frame148.png,-0.875
/home/heechul/PiCar2016/datasets/dataset23/png/Frame149.png,-1.0
/home/heechul/PiCar2016/datasets/dataset23/png/Frame150.png,-1.0
/home/heechul/PiCar2016/datasets/dataset23/png/Frame151.png,-1.0
/home/heechul/PiCar2016/datasets/dataset23/png/Frame152.png,-1.0
/home/heechul/PiCar2016/datasets/dataset23/png/Frame153.png,-1.0
/home/heechul/PiCar2016/datasets/dataset23/png/Frame154.png,-1.0
/home/heechul/PiCar2016/datasets/dataset23/png/Frame155.png,-1.0
/home/heechul/PiCar2016/datasets/dataset23/png/Frame156.png,-1.0
/home/heechul/PiCar2016/datasets/dataset23/png/Frame157.png,-1.0
/home/heechul/PiCar2016/datasets/dataset23/png/Frame158.png,-1.0
/home/heechul/PiCar2016/datasets/dataset23/png/Frame159.png,-1.0
/home/heechul/PiCar2016/datasets/dataset23/png/Frame160.png,-1.0
/home/heechul/PiCar2016/datasets/dataset23/png/Frame161.png,-1.0
/home/heechul/PiCar2016/datasets/dataset23/png/Frame162.png,-1.0
/home/heechul/PiCar2016/datasets/dataset23/png/Frame163.png,-1.0
/home/heechul/PiCar2016/datasets/dataset23/png/Frame164.png,-1.0
/home/heechul/PiCar2016/datasets/dataset23/png/Frame165.png,-1.0
/home/heechul/PiCar2016/datasets/dataset23/png/Frame166.png,-1.0
/home/heechul/PiCar2016/datasets/dataset23/png/Frame167.png,-1.0
/home/heechul/PiCar2016/datasets/dataset23/png/Frame168.png,-1.0
/home/heechul/PiCar2016/datasets/dataset23/png/Frame169.png,-1.0
/home/heechul/PiCar2016/datasets/dataset23/png/Frame170.png,-1.0
/home/heechul/PiCar2016/datasets/dataset23/png/Frame171.png,-1.0
/home/heechul/PiCar2016/datasets/dataset23/png/Frame172.png,-1.0
/home/heechul/PiCar2016/datasets/dataset23/png/Frame173.png,-1.0
/home/heechul/PiCar2016/datasets/dataset23/png/Frame174.png,-0.875
/home/heechul/PiCar2016/datasets/dataset23/png/Frame175.png,-0.875
/home/heechul/PiCar2016/datasets/dataset23/png/Frame176.png,-0.875
/home/heechul/PiCar2016/datasets/dataset23/png/Frame177.png,-0.875
/home/heechul/PiCar2016/datasets/dataset23/png/Frame178.png,-0.875
/home/heechul/PiCar2016/datasets/dataset23/png/Frame179.png,-0.75
/home/heechul/PiCar2016/datasets/dataset23/png/Frame180.png,-0.75
/home/heechul/PiCar2016/datasets/dataset23/png/Frame181.png,-0.75
/home/heechul/PiCar2016/datasets/dataset23/png/Frame182.png,-0.75
/home/heechul/PiCar2016/datasets/dataset23/png/Frame183.png,-0.625
/home/heechul/PiCar2016/datasets/dataset23/png/Frame184.png,-0.625
/home/heechul/PiCar2016/datasets/dataset23/png/Frame185.png,-0.625
/home/heechul/PiCar2016/datasets/dataset23/png/Frame186.png,-0.625
/home/heechul/PiCar2016/datasets/dataset23/png/Frame187.png,-0.625
/home/heechul/PiCar2016/datasets/dataset23/png/Frame188.png,-0.5
/home/heechul/PiCar2016/datasets/dataset23/png/Frame189.png,-0.5
/home/heechul/PiCar2016/datasets/dataset23/png/Frame190.png,-0.5
/home/heechul/PiCar2016/datasets/dataset23/png/Frame191.png,-0.5
/home/heechul/PiCar2016/datasets/dataset23/png/Frame192.png,-0.5
/home/heechul/PiCar2016/datasets/dataset23/png/Frame193.png,-0.375
/home/heechul/PiCar2016/datasets/dataset23/png/Frame194.png,-0.375
/home/heechul/PiCar2016/datasets/dataset23/png/Frame195.png,-0.375
/home/heechul/PiCar2016/datasets/dataset23/png/Frame196.png,-0.375
/home/heechul/PiCar2016/datasets/dataset23/png/Frame197.png,-0.25
/home/heechul/PiCar2016/datasets/dataset23/png/Frame198.png,-0.25
/home/heechul/PiCar2016/datasets/dataset23/png/Frame199.png,-0.25
/home/heechul/PiCar2016/datasets/dataset23/png/Frame200.png,-0.25
/home/heechul/PiCar2016/datasets/dataset23/png/Frame201.png,-0.25
/home/heechul/PiCar2016/datasets/dataset23/png/Frame202.png,-0.125
/home/heechul/PiCar2016/datasets/dataset23/png/Frame203.png,-0.125
/home/heechul/PiCar2016/datasets/dataset23/png/Frame204.png,-0.125
/home/heechul/PiCar2016/datasets/dataset23/png/Frame205.png,-0.125
/home/heechul/PiCar2016/datasets/dataset23/png/Frame206.png,0.0
/home/heechul/PiCar2016/datasets/dataset23/png/Frame207.png,0.0
/home/heechul/PiCar2016/datasets/dataset23/png/Frame208.png,0.0
/home/heechul/PiCar2016/datasets/dataset23/png/Frame209.png,0.0
/home/heechul/PiCar2016/datasets/dataset23/png/Frame210.png,0.0
/home/heechul/PiCar2016/datasets/dataset23/png/Frame211.png,0.125
/home/heechul/PiCar2016/datasets/dataset23/png/Frame212.png,0.125
/home/heechul/PiCar2016/datasets/dataset23/png/Frame213.png,0.125
/home/heechul/PiCar2016/datasets/dataset23/png/Frame214.png,0.125
/home/heechul/PiCar2016/datasets/dataset23/png/Frame215.png,0.125
/home/heechul/PiCar2016/datasets/dataset23/png/Frame216.png,0.25
/home/heechul/PiCar2016/datasets/dataset23/png/Frame217.png,0.25
/home/heechul/PiCar2016/datasets/dataset23/png/Frame218.png,0.25
/home/heechul/PiCar2016/datasets/dataset23/png/Frame219.png,0.25
/home/heechul/PiCar2016/datasets/dataset23/png/Frame220.png,0.375
/home/heechul/PiCar2016/datasets/dataset23/png/Frame221.png,0.375
/home/heechul/PiCar2016/datasets/dataset23/png/Frame222.png,0.375
/home/heechul/PiCar2016/datasets/dataset23/png/Frame223.png,0.375
/home/heechul/PiCar2016/datasets/dataset23/png/Frame224.png,0.375
/home/heechul/PiCar2016/datasets/dataset23/png/Frame225.png,0.375
/home/heechul/PiCar2016/datasets/dataset23/png/Frame226.png,0.375
/home/heechul/PiCar2016/datasets/dataset23/png/Frame227.png,0.375
/home/heechul/PiCar2016/datasets/dataset23/png/Frame228.png,0.375
/home/heechul/PiCar2016/datasets/dataset23/png/Frame229.png,0.375
/home/heechul/PiCar2016/datasets/dataset23/png/Frame230.png,0.375
/home/heechul/PiCar2016/datasets/dataset23/png/Frame231.png,0.375
/home/heechul/PiCar2016/datasets/dataset23/png/Frame232.png,0.375
/home/heechul/PiCar2016/datasets/dataset23/png/Frame233.png,0.375
/home/heechul/PiCar2016/datasets/dataset23/png/Frame234.png,0.375
/home/heechul/PiCar2016/datasets/dataset23/png/Frame235.png,0.375
/home/heechul/PiCar2016/datasets/dataset23/png/Frame236.png,0.375
/home/heechul/PiCar2016/datasets/dataset23/png/Frame237.png,0.375
/home/heechul/PiCar2016/datasets/dataset23/png/Frame238.png,0.375
/home/heechul/PiCar2016/datasets/dataset23/png/Frame239.png,0.375
/home/heechul/PiCar2016/datasets/dataset23/png/Frame240.png,0.375
/home/heechul/PiCar2016/datasets/dataset23/png/Frame241.png,0.375
/home/heechul/PiCar2016/datasets/dataset23/png/Frame242.png,0.375
/home/heechul/PiCar2016/datasets/dataset23/png/Frame243.png,0.375
/home/heechul/PiCar2016/datasets/dataset23/png/Frame244.png,0.375
/home/heechul/PiCar2016/datasets/dataset23/png/Frame245.png,0.375
/home/heechul/PiCar2016/datasets/dataset23/png/Frame246.png,0.375
/home/heechul/PiCar2016/datasets/dataset23/png/Frame247.png,0.375
/home/heechul/PiCar2016/datasets/dataset23/png/Frame248.png,0.375
/home/heechul/PiCar2016/datasets/dataset23/png/Frame249.png,0.375
/home/heechul/PiCar2016/datasets/dataset23/png/Frame250.png,0.375
/home/heechul/PiCar2016/datasets/dataset23/png/Frame251.png,0.375
/home/heechul/PiCar2016/datasets/dataset23/png/Frame252.png,0.375
/home/heechul/PiCar2016/datasets/dataset23/png/Frame253.png,0.375
/home/heechul/PiCar2016/datasets/dataset23/png/Frame254.png,0.375
/home/heechul/PiCar2016/datasets/dataset23/png/Frame255.png,0.375
/home/heechul/PiCar2016/datasets/dataset23/png/Frame256.png,0.375
/home/heechul/PiCar2016/datasets/dataset23/png/Frame257.png,0.375
/home/heechul/PiCar2016/datasets/dataset23/png/Frame258.png,0.375
/home/heechul/PiCar2016/datasets/dataset23/png/Frame259.png,0.375
/home/heechul/PiCar2016/datasets/dataset23/png/Frame260.png,0.375
/home/heechul/PiCar2016/datasets/dataset23/png/Frame261.png,0.375
/home/heechul/PiCar2016/datasets/dataset23/png/Frame262.png,0.375
/home/heechul/PiCar2016/datasets/dataset23/png/Frame263.png,0.375
/home/heechul/PiCar2016/datasets/dataset23/png/Frame264.png,0.375
/home/heechul/PiCar2016/datasets/dataset23/png/Frame265.png,0.375
/home/heechul/PiCar2016/datasets/dataset23/png/Frame266.png,0.375
/home/heechul/PiCar2016/datasets/dataset23/png/Frame267.png,0.375
/home/heechul/PiCar2016/datasets/dataset23/png/Frame268.png,0.375
/home/heechul/PiCar2016/datasets/dataset23/png/Frame269.png,0.375
/home/heechul/PiCar2016/datasets/dataset23/png/Frame270.png,0.375
/home/heechul/PiCar2016/datasets/dataset23/png/Frame271.png,0.375
/home/heechul/PiCar2016/datasets/dataset23/png/Frame272.png,0.375
/home/heechul/PiCar2016/datasets/dataset23/png/Frame273.png,0.375
/home/heechul/PiCar2016/datasets/dataset23/png/Frame274.png,0.375
/home/heechul/PiCar2016/datasets/dataset23/png/Frame275.png,0.375
/home/heechul/PiCar2016/datasets/dataset23/png/Frame276.png,0.375
/home/heechul/PiCar2016/datasets/dataset23/png/Frame277.png,0.375
/home/heechul/PiCar2016/datasets/dataset23/png/Frame278.png,0.375
/home/heechul/PiCar2016/datasets/dataset23/png/Frame279.png,0.375
/home/heechul/PiCar2016/datasets/dataset23/png/Frame280.png,0.375
/home/heechul/PiCar2016/datasets/dataset23/png/Frame281.png,0.375
/home/heechul/PiCar2016/datasets/dataset23/png/Frame282.png,0.375
/home/heechul/PiCar2016/datasets/dataset23/png/Frame283.png,0.375
/home/heechul/PiCar2016/datasets/dataset23/png/Frame284.png,0.375
/home/heechul/PiCar2016/datasets/dataset23/png/Frame285.png,0.375
/home/heechul/PiCar2016/datasets/dataset23/png/Frame286.png,0.375
/home/heechul/PiCar2016/datasets/dataset23/png/Frame287.png,0.375
/home/heechul/PiCar2016/datasets/dataset23/png/Frame288.png,0.375
/home/heechul/PiCar2016/datasets/dataset23/png/Frame289.png,0.375
/home/heechul/PiCar2016/datasets/dataset23/png/Frame290.png,0.375
/home/heechul/PiCar2016/datasets/dataset23/png/Frame291.png,0.375
/home/heechul/PiCar2016/datasets/dataset23/png/Frame292.png,0.375
/home/heechul/PiCar2016/datasets/dataset23/png/Frame293.png,0.375
/home/heechul/PiCar2016/datasets/dataset23/png/Frame294.png,0.375
/home/heechul/PiCar2016/datasets/dataset23/png/Frame295.png,0.375
/home/heechul/PiCar2016/datasets/dataset23/png/Frame296.png,0.375
/home/heechul/PiCar2016/datasets/dataset23/png/Frame297.png,0.375
/home/heechul/PiCar2016/datasets/dataset23/png/Frame298.png,0.375
/home/heechul/PiCar2016/datasets/dataset23/png/Frame299.png,0.375
/home/heechul/PiCar2016/datasets/dataset23/png/Frame300.png,0.375
/home/heechul/PiCar2016/datasets/dataset23/png/Frame301.png,0.375
/home/heechul/PiCar2016/datasets/dataset23/png/Frame302.png,0.5
/home/heechul/PiCar2016/datasets/dataset23/png/Frame303.png,0.5
/home/heechul/PiCar2016/datasets/dataset23/png/Frame304.png,0.5
/home/heechul/PiCar2016/datasets/dataset23/png/Frame305.png,0.5
/home/heechul/PiCar2016/datasets/dataset23/png/Frame306.png,0.5
/home/heechul/PiCar2016/datasets/dataset23/png/Frame307.png,0.5
/home/heechul/PiCar2016/datasets/dataset23/png/Frame308.png,0.5
/home/heechul/PiCar2016/datasets/dataset23/png/Frame309.png,0.5
/home/heechul/PiCar2016/datasets/dataset23/png/Frame310.png,0.5
/home/heechul/PiCar2016/datasets/dataset23/png/Frame311.png,0.5
/home/heechul/PiCar2016/datasets/dataset23/png/Frame312.png,0.5
/home/heechul/PiCar2016/datasets/dataset23/png/Frame313.png,0.5
/home/heechul/PiCar2016/datasets/dataset23/png/Frame314.png,0.5
/home/heechul/PiCar2016/datasets/dataset23/png/Frame315.png,0.5
/home/heechul/PiCar2016/datasets/dataset23/png/Frame316.png,0.5
/home/heechul/PiCar2016/datasets/dataset23/png/Frame317.png,0.5
/home/heechul/PiCar2016/datasets/dataset23/png/Frame318.png,0.5
/home/heechul/PiCar2016/datasets/dataset23/png/Frame319.png,0.5
/home/heechul/PiCar2016/datasets/dataset23/png/Frame320.png,0.5
/home/heechul/PiCar2016/datasets/dataset23/png/Frame321.png,0.5
/home/heechul/PiCar2016/datasets/dataset23/png/Frame322.png,0.5
/home/heechul/PiCar2016/datasets/dataset23/png/Frame323.png,0.5
/home/heechul/PiCar2016/datasets/dataset23/png/Frame324.png,0.5
/home/heechul/PiCar2016/datasets/dataset23/png/Frame325.png,0.5
/home/heechul/PiCar2016/datasets/dataset23/png/Frame326.png,0.5
/home/heechul/PiCar2016/datasets/dataset23/png/Frame327.png,0.5
/home/heechul/PiCar2016/datasets/dataset23/png/Frame328.png,0.5
/home/heechul/PiCar2016/datasets/dataset23/png/Frame329.png,0.5
/home/heechul/PiCar2016/datasets/dataset23/png/Frame330.png,0.5
/home/heechul/PiCar2016/datasets/dataset23/png/Frame331.png,0.5
/home/heechul/PiCar2016/datasets/dataset23/png/Frame332.png,0.5
/home/heechul/PiCar2016/datasets/dataset23/png/Frame333.png,0.5
/home/heechul/PiCar2016/datasets/dataset23/png/Frame334.png,0.5
/home/heechul/PiCar2016/datasets/dataset23/png/Frame335.png,0.5
/home/heechul/PiCar2016/datasets/dataset23/png/Frame336.png,0.5
/home/heechul/PiCar2016/datasets/dataset23/png/Frame337.png,0.5
/home/heechul/PiCar2016/datasets/dataset23/png/Frame338.png,0.5
/home/heechul/PiCar2016/datasets/dataset23/png/Frame339.png,0.375
/home/heechul/PiCar2016/datasets/dataset23/png/Frame340.png,0.375
/home/heechul/PiCar2016/datasets/dataset23/png/Frame341.png,0.375
/home/heechul/PiCar2016/datasets/dataset23/png/Frame342.png,0.375
/home/heechul/PiCar2016/datasets/dataset23/png/Frame343.png,0.375
/home/heechul/PiCar2016/datasets/dataset23/png/Frame344.png,0.375
/home/heechul/PiCar2016/datasets/dataset23/png/Frame345.png,0.375
/home/heechul/PiCar2016/datasets/dataset23/png/Frame346.png,0.375
/home/heechul/PiCar2016/datasets/dataset23/png/Frame347.png,0.375
/home/heechul/PiCar2016/datasets/dataset23/png/Frame348.png,0.375
/home/heechul/PiCar2016/datasets/dataset23/png/Frame349.png,0.375
/home/heechul/PiCar2016/datasets/dataset23/png/Frame350.png,0.375
/home/heechul/PiCar2016/datasets/dataset23/png/Frame351.png,0.375
/home/heechul/PiCar2016/datasets/dataset23/png/Frame352.png,0.375
/home/heechul/PiCar2016/datasets/dataset23/png/Frame353.png,0.375
/home/heechul/PiCar2016/datasets/dataset23/png/Frame354.png,0.375
/home/heechul/PiCar2016/datasets/dataset23/png/Frame355.png,0.25
/home/heechul/PiCar2016/datasets/dataset23/png/Frame356.png,0.25
/home/heechul/PiCar2016/datasets/dataset23/png/Frame357.png,0.25
/home/heechul/PiCar2016/datasets/dataset23/png/Frame358.png,0.25
/home/heechul/PiCar2016/datasets/dataset23/png/Frame359.png,0.25
/home/heechul/PiCar2016/datasets/dataset23/png/Frame360.png,0.25
/home/heechul/PiCar2016/datasets/dataset23/png/Frame361.png,0.25
/home/heechul/PiCar2016/datasets/dataset23/png/Frame362.png,0.25
/home/heechul/PiCar2016/datasets/dataset23/png/Frame363.png,0.25
/home/heechul/PiCar2016/datasets/dataset23/png/Frame364.png,0.25
/home/heechul/PiCar2016/datasets/dataset23/png/Frame365.png,0.25
/home/heechul/PiCar2016/datasets/dataset23/png/Frame366.png,0.125
/home/heechul/PiCar2016/datasets/dataset23/png/Frame367.png,0.125
/home/heechul/PiCar2016/datasets/dataset23/png/Frame368.png,0.125
/home/heechul/PiCar2016/datasets/dataset23/png/Frame369.png,0.125
/home/heechul/PiCar2016/datasets/dataset23/png/Frame370.png,0.125
/home/heechul/PiCar2016/datasets/dataset23/png/Frame371.png,0.125
/home/heechul/PiCar2016/datasets/dataset23/png/Frame372.png,0.125
/home/heechul/PiCar2016/datasets/dataset23/png/Frame373.png,0.125
/home/heechul/PiCar2016/datasets/dataset23/png/Frame374.png,0.125
/home/heechul/PiCar2016/datasets/dataset23/png/Frame375.png,0.0
/home/heechul/PiCar2016/datasets/dataset23/png/Frame376.png,0.0
/home/heechul/PiCar2016/datasets/dataset23/png/Frame377.png,0.0
/home/heechul/PiCar2016/datasets/dataset23/png/Frame378.png,0.0
/home/heechul/PiCar2016/datasets/dataset23/png/Frame379.png,0.0
/home/heechul/PiCar2016/datasets/dataset23/png/Frame380.png,0.0
/home/heechul/PiCar2016/datasets/dataset23/png/Frame381.png,0.0
/home/heechul/PiCar2016/datasets/dataset23/png/Frame382.png,0.0
/home/heechul/PiCar2016/datasets/dataset23/png/Frame383.png,-0.125
/home/heechul/PiCar2016/datasets/dataset23/png/Frame384.png,-0.125
/home/heechul/PiCar2016/datasets/dataset23/png/Frame385.png,-0.125
/home/heechul/PiCar2016/datasets/dataset23/png/Frame386.png,-0.125
/home/heechul/PiCar2016/datasets/dataset23/png/Frame387.png,-0.125
/home/heechul/PiCar2016/datasets/dataset23/png/Frame388.png,-0.125
/home/heechul/PiCar2016/datasets/dataset23/png/Frame389.png,-0.25
/home/heechul/PiCar2016/datasets/dataset23/png/Frame390.png,-0.25
/home/heechul/PiCar2016/datasets/dataset23/png/Frame391.png,-0.25
/home/heechul/PiCar2016/datasets/dataset23/png/Frame392.png,-0.25
/home/heechul/PiCar2016/datasets/dataset23/png/Frame393.png,-0.25
/home/heechul/PiCar2016/datasets/dataset23/png/Frame394.png,-0.25
/home/heechul/PiCar2016/datasets/dataset23/png/Frame395.png,-0.25
/home/heechul/PiCar2016/datasets/dataset23/png/Frame396.png,-0.25
/home/heechul/PiCar2016/datasets/dataset23/png/Frame397.png,-0.25
/home/heechul/PiCar2016/datasets/dataset23/png/Frame398.png,-0.25
/home/heechul/PiCar2016/datasets/dataset23/png/Frame399.png,-0.25
/home/heechul/PiCar2016/datasets/dataset23/png/Frame400.png,-0.25
/home/heechul/PiCar2016/datasets/dataset23/png/Frame401.png,-0.25
/home/heechul/PiCar2016/datasets/dataset23/png/Frame402.png,-0.25
/home/heechul/PiCar2016/datasets/dataset23/png/Frame403.png,-0.25
/home/heechul/PiCar2016/datasets/dataset23/png/Frame404.png,-0.25
/home/heechul/PiCar2016/datasets/dataset23/png/Frame405.png,-0.25
/home/heechul/PiCar2016/datasets/dataset23/png/Frame406.png,-0.25
/home/heechul/PiCar2016/datasets/dataset23/png/Frame407.png,-0.25
/home/heechul/PiCar2016/datasets/dataset23/png/Frame408.png,-0.25
/home/heechul/PiCar2016/datasets/dataset23/png/Frame409.png,-0.25
/home/heechul/PiCar2016/datasets/dataset23/png/Frame410.png,-0.25
/home/heechul/PiCar2016/datasets/dataset23/png/Frame411.png,-0.25
/home/heechul/PiCar2016/datasets/dataset23/png/Frame412.png,-0.25
/home/heechul/PiCar2016/datasets/dataset23/png/Frame413.png,-0.25
/home/heechul/PiCar2016/datasets/dataset23/png/Frame414.png,-0.25
/home/heechul/PiCar2016/datasets/dataset23/png/Frame415.png,-0.25
/home/heechul/PiCar2016/datasets/dataset23/png/Frame416.png,-0.25
/home/heechul/PiCar2016/datasets/dataset23/png/Frame417.png,-0.25
/home/heechul/PiCar2016/datasets/dataset23/png/Frame418.png,-0.25
/home/heechul/PiCar2016/datasets/dataset23/png/Frame419.png,-0.25
/home/heechul/PiCar2016/datasets/dataset23/png/Frame420.png,-0.25
/home/heechul/PiCar2016/datasets/dataset23/png/Frame421.png,-0.25
/home/heechul/PiCar2016/datasets/dataset23/png/Frame422.png,-0.25
/home/heechul/PiCar2016/datasets/dataset23/png/Frame423.png,-0.25
/home/heechul/PiCar2016/datasets/dataset23/png/Frame424.png,-0.25
/home/heechul/PiCar2016/datasets/dataset23/png/Frame425.png,-0.25
/home/heechul/PiCar2016/datasets/dataset23/png/Frame426.png,-0.25
/home/heechul/PiCar2016/datasets/dataset23/png/Frame427.png,-0.25
/home/heechul/PiCar2016/datasets/dataset23/png/Frame428.png,-0.25
/home/heechul/PiCar2016/datasets/dataset23/png/Frame429.png,-0.125
/home/heechul/PiCar2016/datasets/dataset23/png/Frame430.png,-0.125
/home/heechul/PiCar2016/datasets/dataset23/png/Frame431.png,-0.125
/home/heechul/PiCar2016/datasets/dataset23/png/Frame432.png,-0.125
/home/heechul/PiCar2016/datasets/dataset23/png/Frame433.png,-0.125
/home/heechul/PiCar2016/datasets/dataset23/png/Frame434.png,-0.125
/home/heechul/PiCar2016/datasets/dataset23/png/Frame435.png,-0.125
/home/heechul/PiCar2016/datasets/dataset23/png/Frame436.png,-0.125
/home/heechul/PiCar2016/datasets/dataset23/png/Frame437.png,-0.125
/home/heechul/PiCar2016/datasets/dataset23/png/Frame438.png,-0.125
/home/heechul/PiCar2016/datasets/dataset23/png/Frame439.png,-0.125
/home/heechul/PiCar2016/datasets/dataset23/png/Frame440.png,-0.125
/home/heechul/PiCar2016/datasets/dataset23/png/Frame441.png,-0.125
/home/heechul/PiCar2016/datasets/dataset23/png/Frame442.png,-0.125
/home/heechul/PiCar2016/datasets/dataset23/png/Frame443.png,-0.125
/home/heechul/PiCar2016/datasets/dataset23/png/Frame444.png,-0.125
/home/heechul/PiCar2016/datasets/dataset23/png/Frame445.png,-0.125
/home/heechul/PiCar2016/datasets/dataset23/png/Frame446.png,0.0
/home/heechul/PiCar2016/datasets/dataset23/png/Frame447.png,0.0
/home/heechul/PiCar2016/datasets/dataset23/png/Frame448.png,0.0
/home/heechul/PiCar2016/datasets/dataset23/png/Frame449.png,0.0
/home/heechul/PiCar2016/datasets/dataset23/png/Frame450.png,0.0
/home/heechul/PiCar2016/datasets/dataset23/png/Frame451.png,0.0
/home/heechul/PiCar2016/datasets/dataset23/png/Frame452.png,0.0
/home/heechul/PiCar2016/datasets/dataset23/png/Frame453.png,0.0
/home/heechul/PiCar2016/datasets/dataset23/png/Frame454.png,0.0
/home/heechul/PiCar2016/datasets/dataset23/png/Frame455.png,0.0
/home/heechul/PiCar2016/datasets/dataset23/png/Frame456.png,0.0
/home/heechul/PiCar2016/datasets/dataset23/png/Frame457.png,0.0
/home/heechul/PiCar2016/datasets/dataset23/png/Frame458.png,0.0
/home/heechul/PiCar2016/datasets/dataset23/png/Frame459.png,0.0
/home/heechul/PiCar2016/datasets/dataset23/png/Frame460.png,0.0
/home/heechul/PiCar2016/datasets/dataset23/png/Frame461.png,0.0
/home/heechul/PiCar2016/datasets/dataset23/png/Frame462.png,0.0
/home/heechul/PiCar2016/datasets/dataset23/png/Frame463.png,0.0
/home/heechul/PiCar2016/datasets/dataset23/png/Frame464.png,0.0
/home/heechul/PiCar2016/datasets/dataset23/png/Frame465.png,0.0
/home/heechul/PiCar2016/datasets/dataset23/png/Frame466.png,0.0
/home/heechul/PiCar2016/datasets/dataset23/png/Frame467.png,0.0
/home/heechul/PiCar2016/datasets/dataset23/png/Frame468.png,0.0
/home/heechul/PiCar2016/datasets/dataset23/png/Frame469.png,0.0
/home/heechul/PiCar2016/datasets/dataset23/png/Frame470.png,0.0
/home/heechul/PiCar2016/datasets/dataset23/png/Frame471.png,0.0
/home/heechul/PiCar2016/datasets/dataset23/png/Frame472.png,0.0
/home/heechul/PiCar2016/datasets/dataset23/png/Frame473.png,0.0
/home/heechul/PiCar2016/datasets/dataset23/png/Frame474.png,0.125
/home/heechul/PiCar2016/datasets/dataset23/png/Frame475.png,0.125
/home/heechul/PiCar2016/datasets/dataset23/png/Frame476.png,0.125
/home/heechul/PiCar2016/datasets/dataset23/png/Frame477.png,0.125
/home/heechul/PiCar2016/datasets/dataset23/png/Frame478.png,0.25
/home/heechul/PiCar2016/datasets/dataset23/png/Frame479.png,0.25
/home/heechul/PiCar2016/datasets/dataset23/png/Frame480.png,0.25
/home/heechul/PiCar2016/datasets/dataset23/png/Frame481.png,0.25
/home/heechul/PiCar2016/datasets/dataset23/png/Frame482.png,0.25
/home/heechul/PiCar2016/datasets/dataset23/png/Frame483.png,0.375
/home/heechul/PiCar2016/datasets/dataset23/png/Frame484.png,0.375
/home/heechul/PiCar2016/datasets/dataset23/png/Frame485.png,0.375
/home/heechul/PiCar2016/datasets/dataset23/png/Frame486.png,0.375
/home/heechul/PiCar2016/datasets/dataset23/png/Frame487.png,0.375
/home/heechul/PiCar2016/datasets/dataset23/png/Frame488.png,0.5
/home/heechul/PiCar2016/datasets/dataset23/png/Frame489.png,0.5
/home/heechul/PiCar2016/datasets/dataset23/png/Frame490.png,0.5
/home/heechul/PiCar2016/datasets/dataset23/png/Frame491.png,0.5
/home/heechul/PiCar2016/datasets/dataset23/png/Frame492.png,0.625
/home/heechul/PiCar2016/datasets/dataset23/png/Frame493.png,0.625
/home/heechul/PiCar2016/datasets/dataset23/png/Frame494.png,0.625
/home/heechul/PiCar2016/datasets/dataset23/png/Frame495.png,0.625
/home/heechul/PiCar2016/datasets/dataset23/png/Frame496.png,0.625
/home/heechul/PiCar2016/datasets/dataset23/png/Frame497.png,0.625
/home/heechul/PiCar2016/datasets/dataset23/png/Frame498.png,0.625
/home/heechul/PiCar2016/datasets/dataset23/png/Frame499.png,0.625
/home/heechul/PiCar2016/datasets/dataset23/png/Frame500.png,0.625
/home/heechul/PiCar2016/datasets/dataset23/png/Frame501.png,0.625
/home/heechul/PiCar2016/datasets/dataset23/png/Frame502.png,0.625
/home/heechul/PiCar2016/datasets/dataset23/png/Frame503.png,0.625
/home/heechul/PiCar2016/datasets/dataset23/png/Frame504.png,0.625
/home/heechul/PiCar2016/datasets/dataset23/png/Frame505.png,0.625
/home/heechul/PiCar2016/datasets/dataset23/png/Frame506.png,0.625
/home/heechul/PiCar2016/datasets/dataset23/png/Frame507.png,0.625
/home/heechul/PiCar2016/datasets/dataset23/png/Frame508.png,0.625
/home/heechul/PiCar2016/datasets/dataset23/png/Frame509.png,0.5
/home/heechul/PiCar2016/datasets/dataset23/png/Frame510.png,0.5
/home/heechul/PiCar2016/datasets/dataset23/png/Frame511.png,0.5
/home/heechul/PiCar2016/datasets/dataset23/png/Frame512.png,0.5
/home/heechul/PiCar2016/datasets/dataset23/png/Frame513.png,0.5
/home/heechul/PiCar2016/datasets/dataset23/png/Frame514.png,0.375
/home/heechul/PiCar2016/datasets/dataset23/png/Frame515.png,0.375
/home/heechul/PiCar2016/datasets/dataset23/png/Frame516.png,0.375
/home/heechul/PiCar2016/datasets/dataset23/png/Frame517.png,0.375
/home/heechul/PiCar2016/datasets/dataset23/png/Frame518.png,0.375
/home/heechul/PiCar2016/datasets/dataset23/png/Frame519.png,0.25
/home/heechul/PiCar2016/datasets/dataset23/png/Frame520.png,0.25
/home/heechul/PiCar2016/datasets/dataset23/png/Frame521.png,0.25
/home/heechul/PiCar2016/datasets/dataset23/png/Frame522.png,0.25
/home/heechul/PiCar2016/datasets/dataset23/png/Frame523.png,0.25
/home/heechul/PiCar2016/datasets/dataset23/png/Frame524.png,0.125
/home/heechul/PiCar2016/datasets/dataset23/png/Frame525.png,0.125
/home/heechul/PiCar2016/datasets/dataset23/png/Frame526.png,0.125
/home/heechul/PiCar2016/datasets/dataset23/png/Frame527.png,0.125
/home/heechul/PiCar2016/datasets/dataset23/png/Frame528.png,0.125
/home/heechul/PiCar2016/datasets/dataset23/png/Frame529.png,0.0
/home/heechul/PiCar2016/datasets/dataset23/png/Frame530.png,0.0
/home/heechul/PiCar2016/datasets/dataset23/png/Frame531.png,0.0
/home/heechul/PiCar2016/datasets/dataset23/png/Frame532.png,0.0
/home/heechul/PiCar2016/datasets/dataset23/png/Frame533.png,0.0
/home/heechul/PiCar2016/datasets/dataset23/png/Frame534.png,-0.125
/home/heechul/PiCar2016/datasets/dataset23/png/Frame535.png,-0.125
/home/heechul/PiCar2016/datasets/dataset23/png/Frame536.png,-0.125
/home/heechul/PiCar2016/datasets/dataset23/png/Frame537.png,-0.125
/home/heechul/PiCar2016/datasets/dataset23/png/Frame538.png,-0.125
/home/heechul/PiCar2016/datasets/dataset23/png/Frame539.png,-0.25
/home/heechul/PiCar2016/datasets/dataset23/png/Frame540.png,-0.25
/home/heechul/PiCar2016/datasets/dataset23/png/Frame541.png,-0.25
/home/heechul/PiCar2016/datasets/dataset23/png/Frame542.png,-0.25
/home/heechul/PiCar2016/datasets/dataset23/png/Frame543.png,-0.25
/home/heechul/PiCar2016/datasets/dataset23/png/Frame544.png,-0.375
/home/heechul/PiCar2016/datasets/dataset23/png/Frame545.png,-0.375
/home/heechul/PiCar2016/datasets/dataset23/png/Frame546.png,-0.375
/home/heechul/PiCar2016/datasets/dataset23/png/Frame547.png,-0.375
/home/heechul/PiCar2016/datasets/dataset23/png/Frame548.png,-0.5
/home/heechul/PiCar2016/datasets/dataset23/png/Frame549.png,-0.5
/home/heechul/PiCar2016/datasets/dataset23/png/Frame550.png,-0.5
/home/heechul/PiCar2016/datasets/dataset23/png/Frame551.png,-0.5
/home/heechul/PiCar2016/datasets/dataset23/png/Frame552.png,-0.5
/home/heechul/PiCar2016/datasets/dataset23/png/Frame553.png,-0.5
/home/heechul/PiCar2016/datasets/dataset23/png/Frame554.png,-0.5
/home/heechul/PiCar2016/datasets/dataset23/png/Frame555.png,-0.5
/home/heechul/PiCar2016/datasets/dataset23/png/Frame556.png,-0.5
/home/heechul/PiCar2016/datasets/dataset23/png/Frame557.png,-0.5
/home/heechul/PiCar2016/datasets/dataset23/png/Frame558.png,-0.5
/home/heechul/PiCar2016/datasets/dataset23/png/Frame559.png,-0.5
/home/heechul/PiCar2016/datasets/dataset23/png/Frame560.png,-0.5
/home/heechul/PiCar2016/datasets/dataset23/png/Frame561.png,-0.5
/home/heechul/PiCar2016/datasets/dataset23/png/Frame562.png,-0.375
/home/heechul/PiCar2016/datasets/dataset23/png/Frame563.png,-0.375
/home/heechul/PiCar2016/datasets/dataset23/png/Frame564.png,-0.375
/home/heechul/PiCar2016/datasets/dataset23/png/Frame565.png,-0.375
/home/heechul/PiCar2016/datasets/dataset23/png/Frame566.png,-0.375
/home/heechul/PiCar2016/datasets/dataset23/png/Frame567.png,-0.25
/home/heechul/PiCar2016/datasets/dataset23/png/Frame568.png,-0.25
/home/heechul/PiCar2016/datasets/dataset23/png/Frame569.png,-0.25
/home/heechul/PiCar2016/datasets/dataset23/png/Frame570.png,-0.25
/home/heechul/PiCar2016/datasets/dataset23/png/Frame571.png,-0.25
/home/heechul/PiCar2016/datasets/dataset23/png/Frame572.png,-0.125
/home/heechul/PiCar2016/datasets/dataset23/png/Frame573.png,-0.125
/home/heechul/PiCar2016/datasets/dataset23/png/Frame574.png,-0.125
/home/heechul/PiCar2016/datasets/dataset23/png/Frame575.png,-0.125
/home/heechul/PiCar2016/datasets/dataset23/png/Frame576.png,-0.125
/home/heechul/PiCar2016/datasets/dataset23/png/Frame577.png,0.0
/home/heechul/PiCar2016/datasets/dataset23/png/Frame578.png,0.0
/home/heechul/PiCar2016/datasets/dataset23/png/Frame579.png,0.0
/home/heechul/PiCar2016/datasets/dataset23/png/Frame580.png,0.0
/home/heechul/PiCar2016/datasets/dataset23/png/Frame581.png,0.0
/home/heechul/PiCar2016/datasets/dataset23/png/Frame582.png,0.125
/home/heechul/PiCar2016/datasets/dataset23/png/Frame583.png,0.125
/home/heechul/PiCar2016/datasets/dataset23/png/Frame584.png,0.125
/home/heechul/PiCar2016/datasets/dataset23/png/Frame585.png,0.125
/home/heechul/PiCar2016/datasets/dataset23/png/Frame586.png,0.125
/home/heechul/PiCar2016/datasets/dataset23/png/Frame587.png,0.25
/home/heechul/PiCar2016/datasets/dataset23/png/Frame588.png,0.25
/home/heechul/PiCar2016/datasets/dataset23/png/Frame589.png,0.25
/home/heechul/PiCar2016/datasets/dataset23/png/Frame590.png,0.25
/home/heechul/PiCar2016/datasets/dataset23/png/Frame591.png,0.25
/home/heechul/PiCar2016/datasets/dataset23/png/Frame592.png,0.375
/home/heechul/PiCar2016/datasets/dataset23/png/Frame593.png,0.375
/home/heechul/PiCar2016/datasets/dataset23/png/Frame594.png,0.375
/home/heechul/PiCar2016/datasets/dataset23/png/Frame595.png,0.375
/home/heechul/PiCar2016/datasets/dataset23/png/Frame596.png,0.375
/home/heechul/PiCar2016/datasets/dataset23/png/Frame597.png,0.5
/home/heechul/PiCar2016/datasets/dataset23/png/Frame598.png,0.5
/home/heechul/PiCar2016/datasets/dataset23/png/Frame599.png,0.5
/home/heechul/PiCar2016/datasets/dataset23/png/Frame600.png,0.5
/home/heechul/PiCar2016/datasets/dataset23/png/Frame601.png,0.5
/home/heechul/PiCar2016/datasets/dataset23/png/Frame602.png,0.5
/home/heechul/PiCar2016/datasets/dataset23/png/Frame603.png,0.5
/home/heechul/PiCar2016/datasets/dataset23/png/Frame604.png,0.5
/home/heechul/PiCar2016/datasets/dataset23/png/Frame605.png,0.5
/home/heechul/PiCar2016/datasets/dataset23/png/Frame606.png,0.5
/home/heechul/PiCar2016/datasets/dataset23/png/Frame607.png,0.5
/home/heechul/PiCar2016/datasets/dataset23/png/Frame608.png,0.5
/home/heechul/PiCar2016/datasets/dataset23/png/Frame609.png,0.5
/home/heechul/PiCar2016/datasets/dataset23/png/Frame610.png,0.625
/home/heechul/PiCar2016/datasets/dataset23/png/Frame611.png,0.625
/home/heechul/PiCar2016/datasets/dataset23/png/Frame612.png,0.625
/home/heechul/PiCar2016/datasets/dataset23/png/Frame613.png,0.625
/home/heechul/PiCar2016/datasets/dataset23/png/Frame614.png,0.625
/home/heechul/PiCar2016/datasets/dataset23/png/Frame615.png,0.625
/home/heechul/PiCar2016/datasets/dataset23/png/Frame616.png,0.75
/home/heechul/PiCar2016/datasets/dataset23/png/Frame617.png,0.75
/home/heechul/PiCar2016/datasets/dataset23/png/Frame618.png,0.75
/home/heechul/PiCar2016/datasets/dataset23/png/Frame619.png,0.75
/home/heechul/PiCar2016/datasets/dataset23/png/Frame620.png,0.75
/home/heechul/PiCar2016/datasets/dataset23/png/Frame621.png,0.875
/home/heechul/PiCar2016/datasets/dataset23/png/Frame622.png,0.875
/home/heechul/PiCar2016/datasets/dataset23/png/Frame623.png,0.875
/home/heechul/PiCar2016/datasets/dataset23/png/Frame624.png,0.875
/home/heechul/PiCar2016/datasets/dataset23/png/Frame625.png,0.875
/home/heechul/PiCar2016/datasets/dataset23/png/Frame626.png,0.875
/home/heechul/PiCar2016/datasets/dataset23/png/Frame627.png,0.875
/home/heechul/PiCar2016/datasets/dataset23/png/Frame628.png,0.875
/home/heechul/PiCar2016/datasets/dataset23/png/Frame629.png,0.875
/home/heechul/PiCar2016/datasets/dataset23/png/Frame630.png,0.875
/home/heechul/PiCar2016/datasets/dataset23/png/Frame631.png,0.875
/home/heechul/PiCar2016/datasets/dataset23/png/Frame632.png,0.875
/home/heechul/PiCar2016/datasets/dataset23/png/Frame633.png,0.875
/home/heechul/PiCar2016/datasets/dataset23/png/Frame634.png,0.875
/home/heechul/PiCar2016/datasets/dataset23/png/Frame635.png,0.875
/home/heechul/PiCar2016/datasets/dataset23/png/Frame636.png,0.875
/home/heechul/PiCar2016/datasets/dataset23/png/Frame637.png,0.875
/home/heechul/PiCar2016/datasets/dataset23/png/Frame638.png,0.875
/home/heechul/PiCar2016/datasets/dataset23/png/Frame639.png,0.875
/home/heechul/PiCar2016/datasets/dataset23/png/Frame640.png,0.875
/home/heechul/PiCar2016/datasets/dataset23/png/Frame641.png,0.875
/home/heechul/PiCar2016/datasets/dataset23/png/Frame642.png,0.875
/home/heechul/PiCar2016/datasets/dataset23/png/Frame643.png,0.875
/home/heechul/PiCar2016/datasets/dataset23/png/Frame644.png,0.875
/home/heechul/PiCar2016/datasets/dataset23/png/Frame645.png,0.875
/home/heechul/PiCar2016/datasets/dataset23/png/Frame646.png,0.875
/home/heechul/PiCar2016/datasets/dataset23/png/Frame647.png,0.875
/home/heechul/PiCar2016/datasets/dataset23/png/Frame648.png,0.875
/home/heechul/PiCar2016/datasets/dataset23/png/Frame649.png,0.875
/home/heechul/PiCar2016/datasets/dataset23/png/Frame650.png,0.875
/home/heechul/PiCar2016/datasets/dataset23/png/Frame651.png,0.875
/home/heechul/PiCar2016/datasets/dataset23/png/Frame652.png,0.875
/home/heechul/PiCar2016/datasets/dataset23/png/Frame653.png,0.875
/home/heechul/PiCar2016/datasets/dataset23/png/Frame654.png,0.875
/home/heechul/PiCar2016/datasets/dataset23/png/Frame655.png,0.875
/home/heechul/PiCar2016/datasets/dataset23/png/Frame656.png,0.875
/home/heechul/PiCar2016/datasets/dataset23/png/Frame657.png,0.875
/home/heechul/PiCar2016/datasets/dataset23/png/Frame658.png,0.875
/home/heechul/PiCar2016/datasets/dataset23/png/Frame659.png,0.875
/home/heechul/PiCar2016/datasets/dataset23/png/Frame660.png,0.875
/home/heechul/PiCar2016/datasets/dataset23/png/Frame661.png,0.875
/home/heechul/PiCar2016/datasets/dataset23/png/Frame662.png,0.875
/home/heechul/PiCar2016/datasets/dataset23/png/Frame663.png,0.875
/home/heechul/PiCar2016/datasets/dataset23/png/Frame664.png,0.875
/home/heechul/PiCar2016/datasets/dataset23/png/Frame665.png,0.875
/home/heechul/PiCar2016/datasets/dataset23/png/Frame666.png,0.875
/home/heechul/PiCar2016/datasets/dataset23/png/Frame667.png,0.875
/home/heechul/PiCar2016/datasets/dataset23/png/Frame668.png,0.875
/home/heechul/PiCar2016/datasets/dataset23/png/Frame669.png,0.875
/home/heechul/PiCar2016/datasets/dataset23/png/Frame670.png,0.875
/home/heechul/PiCar2016/datasets/dataset23/png/Frame671.png,0.875
/home/heechul/PiCar2016/datasets/dataset23/png/Frame672.png,0.875
/home/heechul/PiCar2016/datasets/dataset23/png/Frame673.png,0.875
/home/heechul/PiCar2016/datasets/dataset23/png/Frame674.png,0.875
/home/heechul/PiCar2016/datasets/dataset23/png/Frame675.png,0.875
/home/heechul/PiCar2016/datasets/dataset23/png/Frame676.png,0.875
/home/heechul/PiCar2016/datasets/dataset23/png/Frame677.png,0.875
/home/heechul/PiCar2016/datasets/dataset23/png/Frame678.png,0.875
/home/heechul/PiCar2016/datasets/dataset23/png/Frame679.png,0.875
/home/heechul/PiCar2016/datasets/dataset23/png/Frame680.png,0.875
/home/heechul/PiCar2016/datasets/dataset23/png/Frame681.png,0.875
/home/heechul/PiCar2016/datasets/dataset23/png/Frame682.png,0.875
/home/heechul/PiCar2016/datasets/dataset23/png/Frame683.png,0.875
/home/heechul/PiCar2016/datasets/dataset23/png/Frame684.png,0.875
/home/heechul/PiCar2016/datasets/dataset23/png/Frame685.png,0.875
/home/heechul/PiCar2016/datasets/dataset23/png/Frame686.png,0.875
/home/heechul/PiCar2016/datasets/dataset23/png/Frame687.png,0.875
/home/heechul/PiCar2016/datasets/dataset23/png/Frame688.png,0.75
/home/heechul/PiCar2016/datasets/dataset23/png/Frame689.png,0.75
/home/heechul/PiCar2016/datasets/dataset23/png/Frame690.png,0.75
/home/heechul/PiCar2016/datasets/dataset23/png/Frame691.png,0.75
/home/heechul/PiCar2016/datasets/dataset23/png/Frame692.png,0.75
/home/heechul/PiCar2016/datasets/dataset23/png/Frame693.png,0.75
/home/heechul/PiCar2016/datasets/dataset23/png/Frame694.png,0.625
/home/heechul/PiCar2016/datasets/dataset23/png/Frame695.png,0.625
/home/heechul/PiCar2016/datasets/dataset23/png/Frame696.png,0.625
/home/heechul/PiCar2016/datasets/dataset23/png/Frame697.png,0.625
/home/heechul/PiCar2016/datasets/dataset23/png/Frame698.png,0.625
/home/heechul/PiCar2016/datasets/dataset23/png/Frame699.png,0.625
/home/heechul/PiCar2016/datasets/dataset23/png/Frame700.png,0.5
/home/heechul/PiCar2016/datasets/dataset23/png/Frame701.png,0.5
/home/heechul/PiCar2016/datasets/dataset23/png/Frame702.png,0.5
/home/heechul/PiCar2016/datasets/dataset23/png/Frame703.png,0.5
/home/heechul/PiCar2016/datasets/dataset23/png/Frame704.png,0.5
/home/heechul/PiCar2016/datasets/dataset23/png/Frame705.png,0.5
/home/heechul/PiCar2016/datasets/dataset23/png/Frame706.png,0.5
/home/heechul/PiCar2016/datasets/dataset23/png/Frame707.png,0.5
/home/heechul/PiCar2016/datasets/dataset23/png/Frame708.png,0.5
/home/heechul/PiCar2016/datasets/dataset23/png/Frame709.png,0.5
/home/heechul/PiCar2016/datasets/dataset23/png/Frame710.png,0.5
/home/heechul/PiCar2016/datasets/dataset23/png/Frame711.png,0.5
/home/heechul/PiCar2016/datasets/dataset23/png/Frame712.png,0.5
/home/heechul/PiCar2016/datasets/dataset23/png/Frame713.png,0.5
/home/heechul/PiCar2016/datasets/dataset23/png/Frame714.png,0.5
/home/heechul/PiCar2016/datasets/dataset23/png/Frame715.png,0.5
/home/heechul/PiCar2016/datasets/dataset23/png/Frame716.png,0.5
/home/heechul/PiCar2016/datasets/dataset23/png/Frame717.png,0.5
/home/heechul/PiCar2016/datasets/dataset23/png/Frame718.png,0.5
/home/heechul/PiCar2016/datasets/dataset23/png/Frame719.png,0.5
/home/heechul/PiCar2016/datasets/dataset23/png/Frame720.png,0.5
/home/heechul/PiCar2016/datasets/dataset23/png/Frame721.png,0.5
/home/heechul/PiCar2016/datasets/dataset23/png/Frame722.png,0.5
/home/heechul/PiCar2016/datasets/dataset23/png/Frame723.png,0.5
/home/heechul/PiCar2016/datasets/dataset23/png/Frame724.png,0.5
/home/heechul/PiCar2016/datasets/dataset23/png/Frame725.png,0.5
