image,angle
/home/heechul/picar/datasets/dataset1/png/Frame0.png,0
/home/heechul/picar/datasets/dataset1/png/Frame1.png,0
/home/heechul/picar/datasets/dataset1/png/Frame2.png,0
/home/heechul/picar/datasets/dataset1/png/Frame3.png,0
/home/heechul/picar/datasets/dataset1/png/Frame4.png,0
/home/heechul/picar/datasets/dataset1/png/Frame5.png,0
/home/heechul/picar/datasets/dataset1/png/Frame6.png,0
/home/heechul/picar/datasets/dataset1/png/Frame7.png,0
/home/heechul/picar/datasets/dataset1/png/Frame8.png,0
/home/heechul/picar/datasets/dataset1/png/Frame9.png,0
/home/heechul/picar/datasets/dataset1/png/Frame10.png,0
/home/heechul/picar/datasets/dataset1/png/Frame11.png,0
/home/heechul/picar/datasets/dataset1/png/Frame12.png,0
/home/heechul/picar/datasets/dataset1/png/Frame13.png,0
/home/heechul/picar/datasets/dataset1/png/Frame14.png,0
/home/heechul/picar/datasets/dataset1/png/Frame15.png,0
/home/heechul/picar/datasets/dataset1/png/Frame16.png,0
/home/heechul/picar/datasets/dataset1/png/Frame17.png,0
/home/heechul/picar/datasets/dataset1/png/Frame18.png,0
/home/heechul/picar/datasets/dataset1/png/Frame19.png,0
/home/heechul/picar/datasets/dataset1/png/Frame20.png,0
/home/heechul/picar/datasets/dataset1/png/Frame21.png,0
/home/heechul/picar/datasets/dataset1/png/Frame22.png,0
/home/heechul/picar/datasets/dataset1/png/Frame23.png,0
/home/heechul/picar/datasets/dataset1/png/Frame24.png,0
/home/heechul/picar/datasets/dataset1/png/Frame25.png,0
/home/heechul/picar/datasets/dataset1/png/Frame26.png,0
/home/heechul/picar/datasets/dataset1/png/Frame27.png,0
/home/heechul/picar/datasets/dataset1/png/Frame28.png,0
/home/heechul/picar/datasets/dataset1/png/Frame29.png,0
/home/heechul/picar/datasets/dataset1/png/Frame30.png,0
/home/heechul/picar/datasets/dataset1/png/Frame31.png,0
/home/heechul/picar/datasets/dataset1/png/Frame32.png,0
/home/heechul/picar/datasets/dataset1/png/Frame33.png,0
/home/heechul/picar/datasets/dataset1/png/Frame34.png,0
/home/heechul/picar/datasets/dataset1/png/Frame35.png,0
/home/heechul/picar/datasets/dataset1/png/Frame36.png,0
/home/heechul/picar/datasets/dataset1/png/Frame37.png,0
/home/heechul/picar/datasets/dataset1/png/Frame38.png,0
/home/heechul/picar/datasets/dataset1/png/Frame39.png,0
/home/heechul/picar/datasets/dataset1/png/Frame40.png,0
/home/heechul/picar/datasets/dataset1/png/Frame41.png,0
/home/heechul/picar/datasets/dataset1/png/Frame42.png,0
/home/heechul/picar/datasets/dataset1/png/Frame43.png,0
/home/heechul/picar/datasets/dataset1/png/Frame44.png,0
/home/heechul/picar/datasets/dataset1/png/Frame45.png,0
/home/heechul/picar/datasets/dataset1/png/Frame46.png,0
/home/heechul/picar/datasets/dataset1/png/Frame47.png,0
/home/heechul/picar/datasets/dataset1/png/Frame48.png,0
/home/heechul/picar/datasets/dataset1/png/Frame49.png,0
/home/heechul/picar/datasets/dataset1/png/Frame50.png,0
/home/heechul/picar/datasets/dataset1/png/Frame51.png,0
/home/heechul/picar/datasets/dataset1/png/Frame52.png,0
/home/heechul/picar/datasets/dataset1/png/Frame53.png,0
/home/heechul/picar/datasets/dataset1/png/Frame54.png,0
/home/heechul/picar/datasets/dataset1/png/Frame55.png,0
/home/heechul/picar/datasets/dataset1/png/Frame56.png,0
/home/heechul/picar/datasets/dataset1/png/Frame57.png,0
/home/heechul/picar/datasets/dataset1/png/Frame58.png,0
/home/heechul/picar/datasets/dataset1/png/Frame59.png,0
/home/heechul/picar/datasets/dataset1/png/Frame60.png,0
/home/heechul/picar/datasets/dataset1/png/Frame61.png,0
/home/heechul/picar/datasets/dataset1/png/Frame62.png,0
/home/heechul/picar/datasets/dataset1/png/Frame63.png,0
/home/heechul/picar/datasets/dataset1/png/Frame64.png,0
/home/heechul/picar/datasets/dataset1/png/Frame65.png,0
/home/heechul/picar/datasets/dataset1/png/Frame66.png,0
/home/heechul/picar/datasets/dataset1/png/Frame67.png,0
/home/heechul/picar/datasets/dataset1/png/Frame68.png,0
/home/heechul/picar/datasets/dataset1/png/Frame69.png,0
/home/heechul/picar/datasets/dataset1/png/Frame70.png,0
/home/heechul/picar/datasets/dataset1/png/Frame71.png,0
/home/heechul/picar/datasets/dataset1/png/Frame72.png,0
/home/heechul/picar/datasets/dataset1/png/Frame73.png,0
/home/heechul/picar/datasets/dataset1/png/Frame74.png,0
/home/heechul/picar/datasets/dataset1/png/Frame75.png,0
/home/heechul/picar/datasets/dataset1/png/Frame76.png,0
/home/heechul/picar/datasets/dataset1/png/Frame77.png,0
/home/heechul/picar/datasets/dataset1/png/Frame78.png,0
/home/heechul/picar/datasets/dataset1/png/Frame79.png,0
/home/heechul/picar/datasets/dataset1/png/Frame80.png,0
/home/heechul/picar/datasets/dataset1/png/Frame81.png,0
/home/heechul/picar/datasets/dataset1/png/Frame82.png,0
/home/heechul/picar/datasets/dataset1/png/Frame83.png,0
/home/heechul/picar/datasets/dataset1/png/Frame84.png,0
/home/heechul/picar/datasets/dataset1/png/Frame85.png,0
/home/heechul/picar/datasets/dataset1/png/Frame86.png,0
/home/heechul/picar/datasets/dataset1/png/Frame87.png,0
/home/heechul/picar/datasets/dataset1/png/Frame88.png,0
/home/heechul/picar/datasets/dataset1/png/Frame89.png,0
/home/heechul/picar/datasets/dataset1/png/Frame90.png,0
/home/heechul/picar/datasets/dataset1/png/Frame91.png,0
/home/heechul/picar/datasets/dataset1/png/Frame92.png,0
/home/heechul/picar/datasets/dataset1/png/Frame93.png,0
/home/heechul/picar/datasets/dataset1/png/Frame94.png,0
/home/heechul/picar/datasets/dataset1/png/Frame95.png,0
/home/heechul/picar/datasets/dataset1/png/Frame96.png,0
/home/heechul/picar/datasets/dataset1/png/Frame97.png,0
/home/heechul/picar/datasets/dataset1/png/Frame98.png,0
/home/heechul/picar/datasets/dataset1/png/Frame99.png,0
/home/heechul/picar/datasets/dataset1/png/Frame100.png,0
/home/heechul/picar/datasets/dataset1/png/Frame101.png,0
/home/heechul/picar/datasets/dataset1/png/Frame102.png,0
/home/heechul/picar/datasets/dataset1/png/Frame103.png,0
/home/heechul/picar/datasets/dataset1/png/Frame104.png,0
/home/heechul/picar/datasets/dataset1/png/Frame105.png,0
/home/heechul/picar/datasets/dataset1/png/Frame106.png,0
/home/heechul/picar/datasets/dataset1/png/Frame107.png,0
/home/heechul/picar/datasets/dataset1/png/Frame108.png,0
/home/heechul/picar/datasets/dataset1/png/Frame109.png,0
/home/heechul/picar/datasets/dataset1/png/Frame110.png,0
/home/heechul/picar/datasets/dataset1/png/Frame111.png,0
/home/heechul/picar/datasets/dataset1/png/Frame112.png,0
/home/heechul/picar/datasets/dataset1/png/Frame113.png,0
/home/heechul/picar/datasets/dataset1/png/Frame114.png,0
/home/heechul/picar/datasets/dataset1/png/Frame115.png,0
/home/heechul/picar/datasets/dataset1/png/Frame116.png,0
/home/heechul/picar/datasets/dataset1/png/Frame117.png,0
/home/heechul/picar/datasets/dataset1/png/Frame118.png,0
/home/heechul/picar/datasets/dataset1/png/Frame119.png,0
/home/heechul/picar/datasets/dataset1/png/Frame120.png,0
/home/heechul/picar/datasets/dataset1/png/Frame121.png,0
/home/heechul/picar/datasets/dataset1/png/Frame122.png,0
/home/heechul/picar/datasets/dataset1/png/Frame123.png,0
/home/heechul/picar/datasets/dataset1/png/Frame124.png,0.125
/home/heechul/picar/datasets/dataset1/png/Frame125.png,0.125
/home/heechul/picar/datasets/dataset1/png/Frame126.png,0.125
/home/heechul/picar/datasets/dataset1/png/Frame127.png,0.125
/home/heechul/picar/datasets/dataset1/png/Frame128.png,0.125
/home/heechul/picar/datasets/dataset1/png/Frame129.png,0.125
/home/heechul/picar/datasets/dataset1/png/Frame130.png,0.125
/home/heechul/picar/datasets/dataset1/png/Frame131.png,0.125
/home/heechul/picar/datasets/dataset1/png/Frame132.png,0.125
/home/heechul/picar/datasets/dataset1/png/Frame133.png,0.125
/home/heechul/picar/datasets/dataset1/png/Frame134.png,0.125
/home/heechul/picar/datasets/dataset1/png/Frame135.png,0.125
/home/heechul/picar/datasets/dataset1/png/Frame136.png,0.125
/home/heechul/picar/datasets/dataset1/png/Frame137.png,0.125
/home/heechul/picar/datasets/dataset1/png/Frame138.png,0.125
/home/heechul/picar/datasets/dataset1/png/Frame139.png,0.25
/home/heechul/picar/datasets/dataset1/png/Frame140.png,0.25
/home/heechul/picar/datasets/dataset1/png/Frame141.png,0.25
/home/heechul/picar/datasets/dataset1/png/Frame142.png,0.25
/home/heechul/picar/datasets/dataset1/png/Frame143.png,0.25
/home/heechul/picar/datasets/dataset1/png/Frame144.png,0.25
/home/heechul/picar/datasets/dataset1/png/Frame145.png,0.25
/home/heechul/picar/datasets/dataset1/png/Frame146.png,0.25
/home/heechul/picar/datasets/dataset1/png/Frame147.png,0.25
/home/heechul/picar/datasets/dataset1/png/Frame148.png,0.25
/home/heechul/picar/datasets/dataset1/png/Frame149.png,0.25
/home/heechul/picar/datasets/dataset1/png/Frame150.png,0.25
/home/heechul/picar/datasets/dataset1/png/Frame151.png,0.25
/home/heechul/picar/datasets/dataset1/png/Frame152.png,0.25
/home/heechul/picar/datasets/dataset1/png/Frame153.png,0.25
/home/heechul/picar/datasets/dataset1/png/Frame154.png,0.25
/home/heechul/picar/datasets/dataset1/png/Frame155.png,0.25
/home/heechul/picar/datasets/dataset1/png/Frame156.png,0.25
/home/heechul/picar/datasets/dataset1/png/Frame157.png,0.25
/home/heechul/picar/datasets/dataset1/png/Frame158.png,0.25
/home/heechul/picar/datasets/dataset1/png/Frame159.png,0.25
/home/heechul/picar/datasets/dataset1/png/Frame160.png,0.25
/home/heechul/picar/datasets/dataset1/png/Frame161.png,0.25
/home/heechul/picar/datasets/dataset1/png/Frame162.png,0.25
/home/heechul/picar/datasets/dataset1/png/Frame163.png,0.25
/home/heechul/picar/datasets/dataset1/png/Frame164.png,0.25
/home/heechul/picar/datasets/dataset1/png/Frame165.png,0.25
/home/heechul/picar/datasets/dataset1/png/Frame166.png,0.25
/home/heechul/picar/datasets/dataset1/png/Frame167.png,0.25
/home/heechul/picar/datasets/dataset1/png/Frame168.png,0.25
/home/heechul/picar/datasets/dataset1/png/Frame169.png,0.375
/home/heechul/picar/datasets/dataset1/png/Frame170.png,0.375
/home/heechul/picar/datasets/dataset1/png/Frame171.png,0.375
/home/heechul/picar/datasets/dataset1/png/Frame172.png,0.375
/home/heechul/picar/datasets/dataset1/png/Frame173.png,0.375
/home/heechul/picar/datasets/dataset1/png/Frame174.png,0.375
/home/heechul/picar/datasets/dataset1/png/Frame175.png,0.375
/home/heechul/picar/datasets/dataset1/png/Frame176.png,0.5
/home/heechul/picar/datasets/dataset1/png/Frame177.png,0.5
/home/heechul/picar/datasets/dataset1/png/Frame178.png,0.5
/home/heechul/picar/datasets/dataset1/png/Frame179.png,0.5
/home/heechul/picar/datasets/dataset1/png/Frame180.png,0.5
/home/heechul/picar/datasets/dataset1/png/Frame181.png,0.5
/home/heechul/picar/datasets/dataset1/png/Frame182.png,0.5
/home/heechul/picar/datasets/dataset1/png/Frame183.png,0.5
/home/heechul/picar/datasets/dataset1/png/Frame184.png,0.625
/home/heechul/picar/datasets/dataset1/png/Frame185.png,0.625
/home/heechul/picar/datasets/dataset1/png/Frame186.png,0.625
/home/heechul/picar/datasets/dataset1/png/Frame187.png,0.625
/home/heechul/picar/datasets/dataset1/png/Frame188.png,0.625
/home/heechul/picar/datasets/dataset1/png/Frame189.png,0.625
/home/heechul/picar/datasets/dataset1/png/Frame190.png,0.625
/home/heechul/picar/datasets/dataset1/png/Frame191.png,0.625
/home/heechul/picar/datasets/dataset1/png/Frame192.png,0.625
/home/heechul/picar/datasets/dataset1/png/Frame193.png,0.625
/home/heechul/picar/datasets/dataset1/png/Frame194.png,0.625
/home/heechul/picar/datasets/dataset1/png/Frame195.png,0.625
/home/heechul/picar/datasets/dataset1/png/Frame196.png,0.625
/home/heechul/picar/datasets/dataset1/png/Frame197.png,0.625
/home/heechul/picar/datasets/dataset1/png/Frame198.png,0.625
/home/heechul/picar/datasets/dataset1/png/Frame199.png,0.625
/home/heechul/picar/datasets/dataset1/png/Frame200.png,0.625
/home/heechul/picar/datasets/dataset1/png/Frame201.png,0.625
/home/heechul/picar/datasets/dataset1/png/Frame202.png,0.625
/home/heechul/picar/datasets/dataset1/png/Frame203.png,0.625
/home/heechul/picar/datasets/dataset1/png/Frame204.png,0.625
/home/heechul/picar/datasets/dataset1/png/Frame205.png,0.625
/home/heechul/picar/datasets/dataset1/png/Frame206.png,0.625
/home/heechul/picar/datasets/dataset1/png/Frame207.png,0.625
/home/heechul/picar/datasets/dataset1/png/Frame208.png,0.625
/home/heechul/picar/datasets/dataset1/png/Frame209.png,0.625
/home/heechul/picar/datasets/dataset1/png/Frame210.png,0.625
/home/heechul/picar/datasets/dataset1/png/Frame211.png,0.625
/home/heechul/picar/datasets/dataset1/png/Frame212.png,0.625
/home/heechul/picar/datasets/dataset1/png/Frame213.png,0.625
/home/heechul/picar/datasets/dataset1/png/Frame214.png,0.625
/home/heechul/picar/datasets/dataset1/png/Frame215.png,0.625
/home/heechul/picar/datasets/dataset1/png/Frame216.png,0.625
/home/heechul/picar/datasets/dataset1/png/Frame217.png,0.625
/home/heechul/picar/datasets/dataset1/png/Frame218.png,0.625
/home/heechul/picar/datasets/dataset1/png/Frame219.png,0.625
/home/heechul/picar/datasets/dataset1/png/Frame220.png,0.625
/home/heechul/picar/datasets/dataset1/png/Frame221.png,0.625
/home/heechul/picar/datasets/dataset1/png/Frame222.png,0.625
/home/heechul/picar/datasets/dataset1/png/Frame223.png,0.625
/home/heechul/picar/datasets/dataset1/png/Frame224.png,0.625
/home/heechul/picar/datasets/dataset1/png/Frame225.png,0.625
/home/heechul/picar/datasets/dataset1/png/Frame226.png,0.625
/home/heechul/picar/datasets/dataset1/png/Frame227.png,0.625
/home/heechul/picar/datasets/dataset1/png/Frame228.png,0.625
/home/heechul/picar/datasets/dataset1/png/Frame229.png,0.625
/home/heechul/picar/datasets/dataset1/png/Frame230.png,0.625
/home/heechul/picar/datasets/dataset1/png/Frame231.png,0.625
/home/heechul/picar/datasets/dataset1/png/Frame232.png,0.625
/home/heechul/picar/datasets/dataset1/png/Frame233.png,0.625
/home/heechul/picar/datasets/dataset1/png/Frame234.png,0.625
/home/heechul/picar/datasets/dataset1/png/Frame235.png,0.625
/home/heechul/picar/datasets/dataset1/png/Frame236.png,0.625
/home/heechul/picar/datasets/dataset1/png/Frame237.png,0.625
/home/heechul/picar/datasets/dataset1/png/Frame238.png,0.625
/home/heechul/picar/datasets/dataset1/png/Frame239.png,0.5
/home/heechul/picar/datasets/dataset1/png/Frame240.png,0.5
/home/heechul/picar/datasets/dataset1/png/Frame241.png,0.5
/home/heechul/picar/datasets/dataset1/png/Frame242.png,0.5
/home/heechul/picar/datasets/dataset1/png/Frame243.png,0.5
/home/heechul/picar/datasets/dataset1/png/Frame244.png,0.5
/home/heechul/picar/datasets/dataset1/png/Frame245.png,0.5
/home/heechul/picar/datasets/dataset1/png/Frame246.png,0.5
/home/heechul/picar/datasets/dataset1/png/Frame247.png,0.5
/home/heechul/picar/datasets/dataset1/png/Frame248.png,0.5
/home/heechul/picar/datasets/dataset1/png/Frame249.png,0.5
/home/heechul/picar/datasets/dataset1/png/Frame250.png,0.5
/home/heechul/picar/datasets/dataset1/png/Frame251.png,0.5
/home/heechul/picar/datasets/dataset1/png/Frame252.png,0.5
/home/heechul/picar/datasets/dataset1/png/Frame253.png,0.5
/home/heechul/picar/datasets/dataset1/png/Frame254.png,0.5
/home/heechul/picar/datasets/dataset1/png/Frame255.png,0.5
/home/heechul/picar/datasets/dataset1/png/Frame256.png,0.5
/home/heechul/picar/datasets/dataset1/png/Frame257.png,0.5
/home/heechul/picar/datasets/dataset1/png/Frame258.png,0.5
/home/heechul/picar/datasets/dataset1/png/Frame259.png,0.5
/home/heechul/picar/datasets/dataset1/png/Frame260.png,0.5
/home/heechul/picar/datasets/dataset1/png/Frame261.png,0.5
/home/heechul/picar/datasets/dataset1/png/Frame262.png,0.5
/home/heechul/picar/datasets/dataset1/png/Frame263.png,0.5
/home/heechul/picar/datasets/dataset1/png/Frame264.png,0.5
/home/heechul/picar/datasets/dataset1/png/Frame265.png,0.5
/home/heechul/picar/datasets/dataset1/png/Frame266.png,0.5
/home/heechul/picar/datasets/dataset1/png/Frame267.png,0.5
/home/heechul/picar/datasets/dataset1/png/Frame268.png,0.5
/home/heechul/picar/datasets/dataset1/png/Frame269.png,0.5
/home/heechul/picar/datasets/dataset1/png/Frame270.png,0.5
/home/heechul/picar/datasets/dataset1/png/Frame271.png,0.5
/home/heechul/picar/datasets/dataset1/png/Frame272.png,0.5
/home/heechul/picar/datasets/dataset1/png/Frame273.png,0.5
/home/heechul/picar/datasets/dataset1/png/Frame274.png,0.375
/home/heechul/picar/datasets/dataset1/png/Frame275.png,0.375
/home/heechul/picar/datasets/dataset1/png/Frame276.png,0.375
/home/heechul/picar/datasets/dataset1/png/Frame277.png,0.375
/home/heechul/picar/datasets/dataset1/png/Frame278.png,0.375
/home/heechul/picar/datasets/dataset1/png/Frame279.png,0.375
/home/heechul/picar/datasets/dataset1/png/Frame280.png,0.375
/home/heechul/picar/datasets/dataset1/png/Frame281.png,0.375
/home/heechul/picar/datasets/dataset1/png/Frame282.png,0.375
/home/heechul/picar/datasets/dataset1/png/Frame283.png,0.25
/home/heechul/picar/datasets/dataset1/png/Frame284.png,0.25
/home/heechul/picar/datasets/dataset1/png/Frame285.png,0.25
/home/heechul/picar/datasets/dataset1/png/Frame286.png,0.25
/home/heechul/picar/datasets/dataset1/png/Frame287.png,0.25
/home/heechul/picar/datasets/dataset1/png/Frame288.png,0.25
/home/heechul/picar/datasets/dataset1/png/Frame289.png,0.125
/home/heechul/picar/datasets/dataset1/png/Frame290.png,0.125
/home/heechul/picar/datasets/dataset1/png/Frame291.png,0.125
/home/heechul/picar/datasets/dataset1/png/Frame292.png,0.125
/home/heechul/picar/datasets/dataset1/png/Frame293.png,0.125
/home/heechul/picar/datasets/dataset1/png/Frame294.png,0.0
/home/heechul/picar/datasets/dataset1/png/Frame295.png,0.0
/home/heechul/picar/datasets/dataset1/png/Frame296.png,0.0
/home/heechul/picar/datasets/dataset1/png/Frame297.png,0.0
/home/heechul/picar/datasets/dataset1/png/Frame298.png,-0.125
/home/heechul/picar/datasets/dataset1/png/Frame299.png,-0.125
/home/heechul/picar/datasets/dataset1/png/Frame300.png,-0.125
/home/heechul/picar/datasets/dataset1/png/Frame301.png,-0.125
/home/heechul/picar/datasets/dataset1/png/Frame302.png,-0.125
/home/heechul/picar/datasets/dataset1/png/Frame303.png,-0.25
/home/heechul/picar/datasets/dataset1/png/Frame304.png,-0.25
/home/heechul/picar/datasets/dataset1/png/Frame305.png,-0.25
/home/heechul/picar/datasets/dataset1/png/Frame306.png,-0.25
/home/heechul/picar/datasets/dataset1/png/Frame307.png,-0.25
/home/heechul/picar/datasets/dataset1/png/Frame308.png,-0.25
/home/heechul/picar/datasets/dataset1/png/Frame309.png,-0.25
/home/heechul/picar/datasets/dataset1/png/Frame310.png,-0.25
/home/heechul/picar/datasets/dataset1/png/Frame311.png,-0.25
/home/heechul/picar/datasets/dataset1/png/Frame312.png,-0.25
/home/heechul/picar/datasets/dataset1/png/Frame313.png,-0.25
/home/heechul/picar/datasets/dataset1/png/Frame314.png,-0.25
/home/heechul/picar/datasets/dataset1/png/Frame315.png,-0.125
/home/heechul/picar/datasets/dataset1/png/Frame316.png,-0.125
/home/heechul/picar/datasets/dataset1/png/Frame317.png,-0.125
/home/heechul/picar/datasets/dataset1/png/Frame318.png,-0.125
/home/heechul/picar/datasets/dataset1/png/Frame319.png,-0.125
/home/heechul/picar/datasets/dataset1/png/Frame320.png,0.0
/home/heechul/picar/datasets/dataset1/png/Frame321.png,0.0
/home/heechul/picar/datasets/dataset1/png/Frame322.png,0.0
/home/heechul/picar/datasets/dataset1/png/Frame323.png,0.0
/home/heechul/picar/datasets/dataset1/png/Frame324.png,0.125
/home/heechul/picar/datasets/dataset1/png/Frame325.png,0.125
/home/heechul/picar/datasets/dataset1/png/Frame326.png,0.125
/home/heechul/picar/datasets/dataset1/png/Frame327.png,0.125
/home/heechul/picar/datasets/dataset1/png/Frame328.png,0.125
/home/heechul/picar/datasets/dataset1/png/Frame329.png,0.25
/home/heechul/picar/datasets/dataset1/png/Frame330.png,0.25
/home/heechul/picar/datasets/dataset1/png/Frame331.png,0.25
/home/heechul/picar/datasets/dataset1/png/Frame332.png,0.25
/home/heechul/picar/datasets/dataset1/png/Frame333.png,0.375
/home/heechul/picar/datasets/dataset1/png/Frame334.png,0.375
/home/heechul/picar/datasets/dataset1/png/Frame335.png,0.375
/home/heechul/picar/datasets/dataset1/png/Frame336.png,0.375
/home/heechul/picar/datasets/dataset1/png/Frame337.png,0.375
/home/heechul/picar/datasets/dataset1/png/Frame338.png,0.375
/home/heechul/picar/datasets/dataset1/png/Frame339.png,0.5
/home/heechul/picar/datasets/dataset1/png/Frame340.png,0.5
/home/heechul/picar/datasets/dataset1/png/Frame341.png,0.5
/home/heechul/picar/datasets/dataset1/png/Frame342.png,0.5
/home/heechul/picar/datasets/dataset1/png/Frame343.png,0.5
/home/heechul/picar/datasets/dataset1/png/Frame344.png,0.5
/home/heechul/picar/datasets/dataset1/png/Frame345.png,0.5
/home/heechul/picar/datasets/dataset1/png/Frame346.png,0.5
/home/heechul/picar/datasets/dataset1/png/Frame347.png,0.5
/home/heechul/picar/datasets/dataset1/png/Frame348.png,0.5
/home/heechul/picar/datasets/dataset1/png/Frame349.png,0.5
/home/heechul/picar/datasets/dataset1/png/Frame350.png,0.625
/home/heechul/picar/datasets/dataset1/png/Frame351.png,0.625
/home/heechul/picar/datasets/dataset1/png/Frame352.png,0.625
/home/heechul/picar/datasets/dataset1/png/Frame353.png,0.625
/home/heechul/picar/datasets/dataset1/png/Frame354.png,0.625
/home/heechul/picar/datasets/dataset1/png/Frame355.png,0.625
/home/heechul/picar/datasets/dataset1/png/Frame356.png,0.625
/home/heechul/picar/datasets/dataset1/png/Frame357.png,0.625
/home/heechul/picar/datasets/dataset1/png/Frame358.png,0.625
/home/heechul/picar/datasets/dataset1/png/Frame359.png,0.625
/home/heechul/picar/datasets/dataset1/png/Frame360.png,0.625
/home/heechul/picar/datasets/dataset1/png/Frame361.png,0.625
/home/heechul/picar/datasets/dataset1/png/Frame362.png,0.625
/home/heechul/picar/datasets/dataset1/png/Frame363.png,0.625
/home/heechul/picar/datasets/dataset1/png/Frame364.png,0.625
/home/heechul/picar/datasets/dataset1/png/Frame365.png,0.625
/home/heechul/picar/datasets/dataset1/png/Frame366.png,0.625
/home/heechul/picar/datasets/dataset1/png/Frame367.png,0.625
/home/heechul/picar/datasets/dataset1/png/Frame368.png,0.625
/home/heechul/picar/datasets/dataset1/png/Frame369.png,0.625
/home/heechul/picar/datasets/dataset1/png/Frame370.png,0.75
/home/heechul/picar/datasets/dataset1/png/Frame371.png,0.75
/home/heechul/picar/datasets/dataset1/png/Frame372.png,0.75
/home/heechul/picar/datasets/dataset1/png/Frame373.png,0.75
/home/heechul/picar/datasets/dataset1/png/Frame374.png,0.75
/home/heechul/picar/datasets/dataset1/png/Frame375.png,0.75
/home/heechul/picar/datasets/dataset1/png/Frame376.png,0.875
/home/heechul/picar/datasets/dataset1/png/Frame377.png,0.875
/home/heechul/picar/datasets/dataset1/png/Frame378.png,0.875
/home/heechul/picar/datasets/dataset1/png/Frame379.png,0.875
/home/heechul/picar/datasets/dataset1/png/Frame380.png,1.0
/home/heechul/picar/datasets/dataset1/png/Frame381.png,1.0
/home/heechul/picar/datasets/dataset1/png/Frame382.png,1.0
/home/heechul/picar/datasets/dataset1/png/Frame383.png,1.0
/home/heechul/picar/datasets/dataset1/png/Frame384.png,1.0
/home/heechul/picar/datasets/dataset1/png/Frame385.png,1.0
/home/heechul/picar/datasets/dataset1/png/Frame386.png,1.0
/home/heechul/picar/datasets/dataset1/png/Frame387.png,1.0
/home/heechul/picar/datasets/dataset1/png/Frame388.png,1.0
/home/heechul/picar/datasets/dataset1/png/Frame389.png,1.0
/home/heechul/picar/datasets/dataset1/png/Frame390.png,1.0
/home/heechul/picar/datasets/dataset1/png/Frame391.png,1.0
/home/heechul/picar/datasets/dataset1/png/Frame392.png,1.0
/home/heechul/picar/datasets/dataset1/png/Frame393.png,1.0
/home/heechul/picar/datasets/dataset1/png/Frame394.png,1.0
/home/heechul/picar/datasets/dataset1/png/Frame395.png,1.0
/home/heechul/picar/datasets/dataset1/png/Frame396.png,1.0
/home/heechul/picar/datasets/dataset1/png/Frame397.png,1.0
/home/heechul/picar/datasets/dataset1/png/Frame398.png,1.0
/home/heechul/picar/datasets/dataset1/png/Frame399.png,1.0
/home/heechul/picar/datasets/dataset1/png/Frame400.png,1.0
/home/heechul/picar/datasets/dataset1/png/Frame401.png,1.0
/home/heechul/picar/datasets/dataset1/png/Frame402.png,1.0
/home/heechul/picar/datasets/dataset1/png/Frame403.png,1.0
/home/heechul/picar/datasets/dataset1/png/Frame404.png,1.0
/home/heechul/picar/datasets/dataset1/png/Frame405.png,1.0
/home/heechul/picar/datasets/dataset1/png/Frame406.png,1.0
/home/heechul/picar/datasets/dataset1/png/Frame407.png,1.0
/home/heechul/picar/datasets/dataset1/png/Frame408.png,1.0
/home/heechul/picar/datasets/dataset1/png/Frame409.png,1.0
/home/heechul/picar/datasets/dataset1/png/Frame410.png,1.0
/home/heechul/picar/datasets/dataset1/png/Frame411.png,1.0
/home/heechul/picar/datasets/dataset1/png/Frame412.png,1.0
/home/heechul/picar/datasets/dataset1/png/Frame413.png,1.0
/home/heechul/picar/datasets/dataset1/png/Frame414.png,1.0
/home/heechul/picar/datasets/dataset1/png/Frame415.png,1.0
/home/heechul/picar/datasets/dataset1/png/Frame416.png,1.0
/home/heechul/picar/datasets/dataset1/png/Frame417.png,1.0
/home/heechul/picar/datasets/dataset1/png/Frame418.png,1.0
/home/heechul/picar/datasets/dataset1/png/Frame419.png,1.0
/home/heechul/picar/datasets/dataset1/png/Frame420.png,1.0
/home/heechul/picar/datasets/dataset1/png/Frame421.png,1.0
/home/heechul/picar/datasets/dataset1/png/Frame422.png,1.0
/home/heechul/picar/datasets/dataset1/png/Frame423.png,1.0
/home/heechul/picar/datasets/dataset1/png/Frame424.png,1.0
/home/heechul/picar/datasets/dataset1/png/Frame425.png,1.0
/home/heechul/picar/datasets/dataset1/png/Frame426.png,1.0
/home/heechul/picar/datasets/dataset1/png/Frame427.png,1.0
/home/heechul/picar/datasets/dataset1/png/Frame428.png,1.0
/home/heechul/picar/datasets/dataset1/png/Frame429.png,1.0
/home/heechul/picar/datasets/dataset1/png/Frame430.png,1.0
/home/heechul/picar/datasets/dataset1/png/Frame431.png,1.0
/home/heechul/picar/datasets/dataset1/png/Frame432.png,1.0
/home/heechul/picar/datasets/dataset1/png/Frame433.png,0.875
/home/heechul/picar/datasets/dataset1/png/Frame434.png,0.875
/home/heechul/picar/datasets/dataset1/png/Frame435.png,0.875
/home/heechul/picar/datasets/dataset1/png/Frame436.png,0.875
/home/heechul/picar/datasets/dataset1/png/Frame437.png,0.875
/home/heechul/picar/datasets/dataset1/png/Frame438.png,0.75
/home/heechul/picar/datasets/dataset1/png/Frame439.png,0.75
/home/heechul/picar/datasets/dataset1/png/Frame440.png,0.75
/home/heechul/picar/datasets/dataset1/png/Frame441.png,0.75
/home/heechul/picar/datasets/dataset1/png/Frame442.png,0.625
/home/heechul/picar/datasets/dataset1/png/Frame443.png,0.625
/home/heechul/picar/datasets/dataset1/png/Frame444.png,0.625
/home/heechul/picar/datasets/dataset1/png/Frame445.png,0.625
/home/heechul/picar/datasets/dataset1/png/Frame446.png,0.625
/home/heechul/picar/datasets/dataset1/png/Frame447.png,0.625
/home/heechul/picar/datasets/dataset1/png/Frame448.png,0.625
/home/heechul/picar/datasets/dataset1/png/Frame449.png,0.625
/home/heechul/picar/datasets/dataset1/png/Frame450.png,0.625
/home/heechul/picar/datasets/dataset1/png/Frame451.png,0.625
/home/heechul/picar/datasets/dataset1/png/Frame452.png,0.625
/home/heechul/picar/datasets/dataset1/png/Frame453.png,0.625
/home/heechul/picar/datasets/dataset1/png/Frame454.png,0.625
/home/heechul/picar/datasets/dataset1/png/Frame455.png,0.625
/home/heechul/picar/datasets/dataset1/png/Frame456.png,0.625
/home/heechul/picar/datasets/dataset1/png/Frame457.png,0.625
/home/heechul/picar/datasets/dataset1/png/Frame458.png,0.625
/home/heechul/picar/datasets/dataset1/png/Frame459.png,0.625
/home/heechul/picar/datasets/dataset1/png/Frame460.png,0.625
/home/heechul/picar/datasets/dataset1/png/Frame461.png,0.625
/home/heechul/picar/datasets/dataset1/png/Frame462.png,0.625
/home/heechul/picar/datasets/dataset1/png/Frame463.png,0.625
/home/heechul/picar/datasets/dataset1/png/Frame464.png,0.625
/home/heechul/picar/datasets/dataset1/png/Frame465.png,0.625
/home/heechul/picar/datasets/dataset1/png/Frame466.png,0.625
/home/heechul/picar/datasets/dataset1/png/Frame467.png,0.625
/home/heechul/picar/datasets/dataset1/png/Frame468.png,0.625
/home/heechul/picar/datasets/dataset1/png/Frame469.png,0.625
/home/heechul/picar/datasets/dataset1/png/Frame470.png,0.625
/home/heechul/picar/datasets/dataset1/png/Frame471.png,0.625
/home/heechul/picar/datasets/dataset1/png/Frame472.png,0.625
/home/heechul/picar/datasets/dataset1/png/Frame473.png,0.625
/home/heechul/picar/datasets/dataset1/png/Frame474.png,0.625
/home/heechul/picar/datasets/dataset1/png/Frame475.png,0.625
/home/heechul/picar/datasets/dataset1/png/Frame476.png,0.625
/home/heechul/picar/datasets/dataset1/png/Frame477.png,0.625
/home/heechul/picar/datasets/dataset1/png/Frame478.png,0.625
/home/heechul/picar/datasets/dataset1/png/Frame479.png,0.625
/home/heechul/picar/datasets/dataset1/png/Frame480.png,0.625
/home/heechul/picar/datasets/dataset1/png/Frame481.png,0.625
/home/heechul/picar/datasets/dataset1/png/Frame482.png,0.5
/home/heechul/picar/datasets/dataset1/png/Frame483.png,0.5
/home/heechul/picar/datasets/dataset1/png/Frame484.png,0.5
/home/heechul/picar/datasets/dataset1/png/Frame485.png,0.5
/home/heechul/picar/datasets/dataset1/png/Frame486.png,0.5
/home/heechul/picar/datasets/dataset1/png/Frame487.png,0.5
/home/heechul/picar/datasets/dataset1/png/Frame488.png,0.5
/home/heechul/picar/datasets/dataset1/png/Frame489.png,0.5
/home/heechul/picar/datasets/dataset1/png/Frame490.png,0.5
/home/heechul/picar/datasets/dataset1/png/Frame491.png,0.5
/home/heechul/picar/datasets/dataset1/png/Frame492.png,0.375
/home/heechul/picar/datasets/dataset1/png/Frame493.png,0.375
/home/heechul/picar/datasets/dataset1/png/Frame494.png,0.375
/home/heechul/picar/datasets/dataset1/png/Frame495.png,0.375
/home/heechul/picar/datasets/dataset1/png/Frame496.png,0.375
/home/heechul/picar/datasets/dataset1/png/Frame497.png,0.375
/home/heechul/picar/datasets/dataset1/png/Frame498.png,0.375
/home/heechul/picar/datasets/dataset1/png/Frame499.png,0.375
/home/heechul/picar/datasets/dataset1/png/Frame500.png,0.375
/home/heechul/picar/datasets/dataset1/png/Frame501.png,0.375
/home/heechul/picar/datasets/dataset1/png/Frame502.png,0.25
/home/heechul/picar/datasets/dataset1/png/Frame503.png,0.25
/home/heechul/picar/datasets/dataset1/png/Frame504.png,0.25
/home/heechul/picar/datasets/dataset1/png/Frame505.png,0.25
/home/heechul/picar/datasets/dataset1/png/Frame506.png,0.25
/home/heechul/picar/datasets/dataset1/png/Frame507.png,0.25
/home/heechul/picar/datasets/dataset1/png/Frame508.png,0.25
/home/heechul/picar/datasets/dataset1/png/Frame509.png,0.25
/home/heechul/picar/datasets/dataset1/png/Frame510.png,0.25
/home/heechul/picar/datasets/dataset1/png/Frame511.png,0.25
/home/heechul/picar/datasets/dataset1/png/Frame512.png,0.25
/home/heechul/picar/datasets/dataset1/png/Frame513.png,0.25
/home/heechul/picar/datasets/dataset1/png/Frame514.png,0.25
/home/heechul/picar/datasets/dataset1/png/Frame515.png,0.25
/home/heechul/picar/datasets/dataset1/png/Frame516.png,0.25
/home/heechul/picar/datasets/dataset1/png/Frame517.png,0.25
/home/heechul/picar/datasets/dataset1/png/Frame518.png,0.375
/home/heechul/picar/datasets/dataset1/png/Frame519.png,0.375
/home/heechul/picar/datasets/dataset1/png/Frame520.png,0.375
/home/heechul/picar/datasets/dataset1/png/Frame521.png,0.375
/home/heechul/picar/datasets/dataset1/png/Frame522.png,0.5
/home/heechul/picar/datasets/dataset1/png/Frame523.png,0.5
/home/heechul/picar/datasets/dataset1/png/Frame524.png,0.5
/home/heechul/picar/datasets/dataset1/png/Frame525.png,0.5
/home/heechul/picar/datasets/dataset1/png/Frame526.png,0.625
/home/heechul/picar/datasets/dataset1/png/Frame527.png,0.625
/home/heechul/picar/datasets/dataset1/png/Frame528.png,0.625
/home/heechul/picar/datasets/dataset1/png/Frame529.png,0.625
/home/heechul/picar/datasets/dataset1/png/Frame530.png,0.625
/home/heechul/picar/datasets/dataset1/png/Frame531.png,0.625
/home/heechul/picar/datasets/dataset1/png/Frame532.png,0.625
/home/heechul/picar/datasets/dataset1/png/Frame533.png,0.625
/home/heechul/picar/datasets/dataset1/png/Frame534.png,0.625
/home/heechul/picar/datasets/dataset1/png/Frame535.png,0.625
